Factor,Sharpe Ratio,Mean Return (%),Std Dev (%)
Market (rm_rf),0.5327911827903111,10.151592556356825,19.053604647117734
SMB (vw),-0.043941138385124756,-0.5473354942566331,12.456106381666265
HML (vw),0.22387610534964705,3.6739734110206923,16.4107438142303
MOM (vw),0.5901067079997804,18.06361752649774,30.61076459836559
