Factor,Individual SR,MVE SR (1 to i),MVE Mean (%),MVE Std (%)
factor1,1.277493585277427,1.2798226548232332,24.08688673776789,18.820487859776733
factor2,1.277493585277427,1.2798226548232332,24.08688673776789,18.820487859776733
factor3,1.277493585277427,1.2798226548232337,24.086886737767898,18.820487859776733
