,P-Tree F1,P-Tree F2,P-Tree F3,MKT,SMB,HML,MOM
P-Tree F1,1.0,1.0,1.0,0.08625194220313423,-0.042527081048263825,0.01972214021633018,-0.016231734786182676
P-Tree F2,1.0,1.0,1.0,0.08625194220313423,-0.042527081048263825,0.01972214021633018,-0.016231734786182676
P-Tree F3,1.0,1.0,1.0,0.08625194220313423,-0.042527081048263825,0.01972214021633018,-0.016231734786182676
MKT,0.08625194220313423,0.08625194220313423,0.08625194220313423,1.0,0.01301986989944666,-0.13883934486026844,-0.329158910288797
SMB,-0.042527081048263825,-0.042527081048263825,-0.042527081048263825,0.01301986989944666,1.0,-0.12129749624125402,-0.08902146774983029
HML,0.01972214021633018,0.01972214021633018,0.01972214021633018,-0.13883934486026844,-0.12129749624125402,1.0,-0.3534008128336987
MOM,-0.016231734786182676,-0.016231734786182676,-0.016231734786182676,-0.329158910288797,-0.08902146774983029,-0.3534008128336987,1.0
