Variable,Mean,Std,Min,Max
Market Volatility (ann %),17.182472727272728,7.08896902840038,7.04,36.11
Inflation,1.164614009449917,1.0570320954941161,-0.494460544377991,3.43704910602874
