,P-Tree F1,P-Tree F2,P-Tree F3,MKT,SMB,HML,MOM
P-Tree F1,1.0,0.5798177356163005,0.6690213200735539,0.11348527689397221,-0.09346190431753344,-0.003137584809347754,0.009831182554552096
P-Tree F2,0.5798177356163005,1.0,0.7404750221301071,0.055155662817470974,-0.024959661411427133,0.03371608138241073,-0.006534078200121942
P-Tree F3,0.6690213200735539,0.7404750221301071,1.0,0.10961991698342713,-0.059892496549681415,0.016706873089224188,-0.014530841294152991
MKT,0.11348527689397221,0.055155662817470974,0.10961991698342713,1.0,0.01301986989944666,-0.13883934486026844,-0.329158910288797
SMB,-0.09346190431753344,-0.024959661411427133,-0.059892496549681415,0.01301986989944666,1.0,-0.12129749624125402,-0.08902146774983029
HML,-0.003137584809347754,0.03371608138241073,0.016706873089224188,-0.13883934486026844,-0.12129749624125402,1.0,-0.3534008128336987
MOM,0.009831182554552096,-0.006534078200121942,-0.014530841294152991,-0.329158910288797,-0.08902146774983029,-0.3534008128336987,1.0
