Factor,Individual_SR,MVE_SR,MVE_Mean_pct,MVE_Std_pct
F1,2.709654183672703,2.714594304790796,20.537349835597702,7.565531909999508
F2,2.2545084768184207,2.8416689334488545,18.455493467673314,6.494596626101125
F3,1.7545930612653395,2.9251436093594694,12.464054975884538,4.261006172826449
