,P-Tree F1,P-Tree F2,P-Tree F3,MKT,SMB,HML,MOM
P-Tree F1,1.0,0.8149000314327307,0.8462256293501527,0.09257223411897496,-0.07997395797129177,0.007095967041790156,0.0209704076695434
P-Tree F2,0.8149000314327307,1.0,0.9382172630823356,0.07849473725624966,-0.06181634823638012,0.01823990193311369,-0.03094127069745011
P-Tree F3,0.8462256293501527,0.9382172630823356,1.0,0.09352112634103514,-0.09515887972718692,0.04233460493042651,0.001259232440548494
MKT,0.09257223411897496,0.07849473725624966,0.09352112634103514,1.0,0.01301986989944666,-0.13883934486026844,-0.329158910288797
SMB,-0.07997395797129177,-0.06181634823638012,-0.09515887972718692,0.01301986989944666,1.0,-0.12129749624125402,-0.08902146774983029
HML,0.007095967041790156,0.01823990193311369,0.04233460493042651,-0.13883934486026844,-0.12129749624125402,1.0,-0.3534008128336987
MOM,0.0209704076695434,-0.03094127069745011,0.001259232440548494,-0.329158910288797,-0.08902146774983029,-0.3534008128336987,1.0
