Factor,Individual_SR,MVE_SR,MVE_Mean_pct,MVE_Std_pct
F1,2.7359688884175783,2.740956985336204,22.237563926062766,8.113065635481004
F2,2.6037664380162666,2.816121134600277,23.21375414259749,8.243166054677713
F3,2.3728567690173175,2.8963675260582757,11.904398040787227,4.110113075666249
