Factor,Individual_SR,MVE_SR,MVE_Mean_pct,MVE_Std_pct
F1,4.333948608176407,4.348664944609968,27.461174118583763,6.314851677092532
F2,2.6801600678317112,4.465129070135263,19.524897341737812,4.372750940690351
F3,3.3163221442260706,5.1358727145634235,11.787005592606722,2.295034602236765
