,P-Tree F1,P-Tree F2,P-Tree F3,MKT,SMB,HML,MOM
P-Tree F1,1.0,0.7697324800963299,0.5620432527335402,0.15612007122368554,-0.0652228179224195,0.0873078053102648,-0.08634699156783743
P-Tree F2,0.7697324800963299,1.0,0.8079587618362885,0.2064820427056444,-0.1379045568299662,-0.049247429770677496,-0.025671224191734572
P-Tree F3,0.5620432527335402,0.8079587618362885,1.0,0.15157993558620764,-0.1206335603648968,0.022755768739726377,-0.10236898201376199
MKT,0.15612007122368554,0.2064820427056444,0.15157993558620764,1.0,0.03385102707238424,-0.21303983548946914,-0.3956713586171312
SMB,-0.0652228179224195,-0.1379045568299662,-0.1206335603648968,0.03385102707238424,1.0,-0.1777610862656529,-0.09904327225754093
HML,0.0873078053102648,-0.049247429770677496,0.022755768739726377,-0.21303983548946914,-0.1777610862656529,1.0,-0.35276825867623585
MOM,-0.08634699156783743,-0.025671224191734572,-0.10236898201376199,-0.3956713586171312,-0.09904327225754093,-0.35276825867623585,1.0
