Factor,Individual_SR,MVE_SR,MVE_Mean_pct,MVE_Std_pct
F1,4.2101890218645,4.224485120802488,21.947923672972376,5.195407971706413
F2,2.6373536706732716,4.327003707437118,16.4284443074954,3.79672526724641
F3,3.105209823170292,4.973441754127121,11.701862936547256,2.352870208409835
