Factor,CAPM_alpha,CAPM_tstat,CAPM_R2,FF3_alpha,FF3_tstat,FF3_R2,FF4_alpha,FF4_tstat,FF4_R2
F1,21.703309950695072,11.287640386012676,0.027969790959924246,21.483941247772908,11.510944737201456,0.04991236494034079,21.34010488169232,11.414553760396618,0.05094040276780987
F2,19.521220602201396,6.933006362912553,0.04049223533441004,19.451310293806586,6.906289322397922,0.046936915030642457,19.193321821511073,6.766874498743526,0.04850793873320525
F3,19.03199433740369,7.833793019300024,0.004002620495653031,18.728903581678008,8.325685160952109,0.03373028514992227,18.73627485147784,8.114049311990122,0.033732216112331126
