Factor,Individual_SR,MVE_SR,MVE_Mean_pct,MVE_Std_pct
F1,1.6913768066903097,1.6980753549114382,7.327643375200404,4.315263956929974
F2,1.2882502398846571,1.7811267523479153,6.495062993512829,3.6466034688159685
F3,1.3624335362629654,1.9010965971247686,6.649754489499542,3.497851976357579
