,P-Tree F1,P-Tree F2,P-Tree F3,MKT,SMB,HML,MOM
P-Tree F1,1.0,0.7723395711140121,0.42662398131641255,0.1672417141741994,-0.05460409822466507,0.10482437745697437,-0.09937347952842264
P-Tree F2,0.7723395711140121,1.0,0.6615404489486469,0.20122682558349508,-0.07212663853266107,-0.015574463094197166,-0.048494078012620394
P-Tree F3,0.42662398131641255,0.6615404489486469,1.0,0.06326626664861212,-0.06464672330141208,0.1508297405357778,-0.09502077336738782
MKT,0.1672417141741994,0.20122682558349508,0.06326626664861212,1.0,0.03385102707238424,-0.21303983548946914,-0.3956713586171312
SMB,-0.05460409822466507,-0.07212663853266107,-0.06464672330141208,0.03385102707238424,1.0,-0.1777610862656529,-0.09904327225754093
HML,0.10482437745697437,-0.015574463094197166,0.1508297405357778,-0.21303983548946914,-0.1777610862656529,1.0,-0.35276825867623585
MOM,-0.09937347952842264,-0.048494078012620394,-0.09502077336738782,-0.3956713586171312,-0.09904327225754093,-0.35276825867623585,1.0
