Factor,CAPM_alpha,CAPM_tstat,CAPM_R2,FF3_alpha,FF3_tstat,FF3_R2,FF4_alpha,FF4_tstat,FF4_R2
F1,6.634518401309624,4.648539848589305,0.021376561584237175,6.637776071563456,4.620456584656739,0.02173552943033452,6.953778668393311,4.567783059519972,0.02570356592082723
F2,4.729640477699504,4.528572571443107,0.0015729088419385029,4.7228153246039355,4.528472565977473,0.002864222841151509,4.036278579865603,3.4492133611809823,0.027217035932490252
F3,6.3767349047234525,3.663094650149501,0.003478412301362366,6.382119212072005,3.63841633580408,0.007254049460221679,6.220652880718311,3.493566574806699,0.008059594071342269
