,P-Tree F1,P-Tree F2,P-Tree F3,MKT,SMB,HML,MOM
P-Tree F1,1.0,0.4846293618363898,0.3761148544973679,0.14620725558000705,-0.024164428234867873,0.023764535730509573,-0.07171312255898074
P-Tree F2,0.4846293618363898,1.0,0.4042066408399161,0.0396599147999421,-0.00023779375194117735,0.04369780303799433,0.12698732295350354
P-Tree F3,0.3761148544973679,0.4042066408399161,1.0,0.05897806627350694,-0.06363062632406048,0.014434692187301536,0.021227234120695878
MKT,0.14620725558000705,0.0396599147999421,0.05897806627350694,1.0,-0.04465380913612379,0.2184798504927518,-0.11688344384868307
SMB,-0.024164428234867873,-0.00023779375194117735,-0.06363062632406048,-0.04465380913612379,1.0,0.07460024269378825,-0.06500740014080084
HML,0.023764535730509573,0.04369780303799433,0.014434692187301536,0.2184798504927518,0.07460024269378825,1.0,-0.37509708516214985
MOM,-0.07171312255898074,0.12698732295350354,0.021227234120695878,-0.11688344384868307,-0.06500740014080084,-0.37509708516214985,1.0
