date,F1,F2,F3,F4,F5,F6,F7,F8,F9,F10,F11,F12,F13,F14,F15,F16,F17,F18,F19,F20
1997-12-31,0.0118718942356526,0.00990730404679953,0.00990730404679953,0.00990730404679953,0.00990730404679953,0.00990730404679953,0.00990730404679953,0.00990730404679953,0.00990730404679953,0.00990730404679953,0.00990730404679953,0.00990730404679953,0.00990730404679953,0.00990730404679953,0.00990730404679953,0.00990730404679953,0.00990730404679953,0.00990730404679953,0.00990730404679953,0.00990730404679953
1998-01-31,0.0495101057737083,0.039995797621918,0.039995797621918,0.039995797621918,0.039995797621918,0.039995797621918,0.039995797621918,0.039995797621918,0.039995797621918,0.039995797621918,0.039995797621918,0.039995797621918,0.039995797621918,0.039995797621918,0.039995797621918,0.039995797621918,0.039995797621918,0.039995797621918,0.039995797621918,0.039995797621918
1998-02-28,0.0756129692195216,0.0694874141059096,0.0694874141059096,0.0694874141059096,0.0694874141059096,0.0694874141059096,0.0694874141059096,0.0694874141059096,0.0694874141059096,0.0694874141059096,0.0694874141059096,0.0694874141059096,0.0694874141059096,0.0694874141059096,0.0694874141059096,0.0694874141059096,0.0694874141059096,0.0694874141059096,0.0694874141059096,0.0694874141059096
1998-03-31,0.018306679140801,0.0184800324649969,0.0184800324649969,0.0184800324649969,0.0184800324649969,0.0184800324649969,0.0184800324649969,0.0184800324649969,0.0184800324649969,0.0184800324649969,0.0184800324649969,0.0184800324649969,0.0184800324649969,0.0184800324649969,0.0184800324649969,0.0184800324649969,0.0184800324649969,0.0184800324649969,0.0184800324649969,0.0184800324649969
1998-04-30,0.0490536174814431,0.0479886434366429,0.0479886434366429,0.0479886434366429,0.0479886434366429,0.0479886434366429,0.0479886434366429,0.0479886434366429,0.0479886434366429,0.0479886434366429,0.0479886434366429,0.0479886434366429,0.0479886434366429,0.0479886434366429,0.0479886434366429,0.0479886434366429,0.0479886434366429,0.0479886434366429,0.0479886434366429,0.0479886434366429
1998-07-31,-0.022024387501355,-0.0216444239748118,-0.0216444239748118,-0.0216444239748118,-0.0216444239748118,-0.0216444239748118,-0.0216444239748118,-0.0216444239748118,-0.0216444239748118,-0.0216444239748118,-0.0216444239748118,-0.0216444239748118,-0.0216444239748118,-0.0216444239748118,-0.0216444239748118,-0.0216444239748118,-0.0216444239748118,-0.0216444239748118,-0.0216444239748118,-0.0216444239748118
1998-08-31,-0.00369572005972042,-0.0143917184253445,-0.0143917184253445,-0.0143917184253445,-0.0143917184253445,-0.0143917184253445,-0.0143917184253445,-0.0143917184253445,-0.0143917184253445,-0.0143917184253445,-0.0143917184253445,-0.0143917184253445,-0.0143917184253445,-0.0143917184253445,-0.0143917184253445,-0.0143917184253445,-0.0143917184253445,-0.0143917184253445,-0.0143917184253445,-0.0143917184253445
1998-11-30,-0.137198875564139,-0.143240746309948,-0.143240746309948,-0.143240746309948,-0.143240746309948,-0.143240746309948,-0.143240746309948,-0.143240746309948,-0.143240746309948,-0.143240746309948,-0.143240746309948,-0.143240746309948,-0.143240746309948,-0.143240746309948,-0.143240746309948,-0.143240746309948,-0.143240746309948,-0.143240746309948,-0.143240746309948,-0.143240746309948
1998-12-31,-0.0829101947324841,-0.0870646891147789,-0.0870646891147789,-0.0870646891147789,-0.0870646891147789,-0.0870646891147789,-0.0870646891147789,-0.0870646891147789,-0.0870646891147789,-0.0870646891147789,-0.0870646891147789,-0.0870646891147789,-0.0870646891147789,-0.0870646891147789,-0.0870646891147789,-0.0870646891147789,-0.0870646891147789,-0.0870646891147789,-0.0870646891147789,-0.0870646891147789
1999-01-31,-0.00276809189279501,-0.0155397646013362,-0.0155397646013362,-0.0155397646013362,-0.0155397646013362,-0.0155397646013362,-0.0155397646013362,-0.0155397646013362,-0.0155397646013362,-0.0155397646013362,-0.0155397646013362,-0.0155397646013362,-0.0155397646013362,-0.0155397646013362,-0.0155397646013362,-0.0155397646013362,-0.0155397646013362,-0.0155397646013362,-0.0155397646013362,-0.0155397646013362
1999-02-28,0.0824029247827275,0.0981765820542694,0.0981765820542694,0.0981765820542694,0.0981765820542694,0.0981765820542694,0.0981765820542694,0.0981765820542694,0.0981765820542694,0.0981765820542694,0.0981765820542694,0.0981765820542694,0.0981765820542694,0.0981765820542694,0.0981765820542694,0.0981765820542694,0.0981765820542694,0.0981765820542694,0.0981765820542694,0.0981765820542694
1999-09-30,-0.014935991688583,-0.00638777143680395,-0.00638777143680395,-0.00638777143680395,-0.00638777143680395,-0.00638777143680395,-0.00638777143680395,-0.00638777143680395,-0.00638777143680395,-0.00638777143680395,-0.00638777143680395,-0.00638777143680395,-0.00638777143680395,-0.00638777143680395,-0.00638777143680395,-0.00638777143680395,-0.00638777143680395,-0.00638777143680395,-0.00638777143680395,-0.00638777143680395
1999-10-31,0.0267041586953221,-0.0022246901009484,-0.0022246901009484,-0.0022246901009484,-0.0022246901009484,-0.0022246901009484,-0.0022246901009484,-0.0022246901009484,-0.0022246901009484,-0.0022246901009484,-0.0022246901009484,-0.0022246901009484,-0.0022246901009484,-0.0022246901009484,-0.0022246901009484,-0.0022246901009484,-0.0022246901009484,-0.0022246901009484,-0.0022246901009484,-0.0022246901009484
1999-11-30,0.0240767853284339,0.0160493738461241,0.0160493738461241,0.0160493738461241,0.0160493738461241,0.0160493738461241,0.0160493738461241,0.0160493738461241,0.0160493738461241,0.0160493738461241,0.0160493738461241,0.0160493738461241,0.0160493738461241,0.0160493738461241,0.0160493738461241,0.0160493738461241,0.0160493738461241,0.0160493738461241,0.0160493738461241,0.0160493738461241
1999-12-31,0.0238224041177743,0.00902079555331667,0.00902079555331667,0.00902079555331667,0.00902079555331667,0.00902079555331667,0.00902079555331667,0.00902079555331667,0.00902079555331667,0.00902079555331667,0.00902079555331667,0.00902079555331667,0.00902079555331667,0.00902079555331667,0.00902079555331667,0.00902079555331667,0.00902079555331667,0.00902079555331667,0.00902079555331667,0.00902079555331667
2000-01-31,0.0761119198695999,0.0625105340895655,0.0625105340895655,0.0625105340895655,0.0625105340895655,0.0625105340895655,0.0625105340895655,0.0625105340895655,0.0625105340895655,0.0625105340895655,0.0625105340895655,0.0625105340895655,0.0625105340895655,0.0625105340895655,0.0625105340895655,0.0625105340895655,0.0625105340895655,0.0625105340895655,0.0625105340895655,0.0625105340895655
2000-02-29,0.011001145139469,0.0303093233599815,0.0303093233599815,0.0303093233599815,0.0303093233599815,0.0303093233599815,0.0303093233599815,0.0303093233599815,0.0303093233599815,0.0303093233599815,0.0303093233599815,0.0303093233599815,0.0303093233599815,0.0303093233599815,0.0303093233599815,0.0303093233599815,0.0303093233599815,0.0303093233599815,0.0303093233599815,0.0303093233599815
2000-03-31,0.0233737704070719,0.00416869437164361,0.00416869437164361,0.00416869437164361,0.00416869437164361,0.00416869437164361,0.00416869437164361,0.00416869437164361,0.00416869437164361,0.00416869437164361,0.00416869437164361,0.00416869437164361,0.00416869437164361,0.00416869437164361,0.00416869437164361,0.00416869437164361,0.00416869437164361,0.00416869437164361,0.00416869437164361,0.00416869437164361
2000-04-30,-0.00486865470086651,-0.0192302558258035,-0.0192302558258035,-0.0192302558258035,-0.0192302558258035,-0.0192302558258035,-0.0192302558258035,-0.0192302558258035,-0.0192302558258035,-0.0192302558258035,-0.0192302558258035,-0.0192302558258035,-0.0192302558258035,-0.0192302558258035,-0.0192302558258035,-0.0192302558258035,-0.0192302558258035,-0.0192302558258035,-0.0192302558258035,-0.0192302558258035
2000-05-31,0.0391415236113061,0.0429420807228679,0.0429420807228679,0.0429420807228679,0.0429420807228679,0.0429420807228679,0.0429420807228679,0.0429420807228679,0.0429420807228679,0.0429420807228679,0.0429420807228679,0.0429420807228679,0.0429420807228679,0.0429420807228679,0.0429420807228679,0.0429420807228679,0.0429420807228679,0.0429420807228679,0.0429420807228679,0.0429420807228679
2000-06-30,0.0053206180765899,0.0176453517374413,0.0176453517374413,0.0176453517374413,0.0176453517374413,0.0176453517374413,0.0176453517374413,0.0176453517374413,0.0176453517374413,0.0176453517374413,0.0176453517374413,0.0176453517374413,0.0176453517374413,0.0176453517374413,0.0176453517374413,0.0176453517374413,0.0176453517374413,0.0176453517374413,0.0176453517374413,0.0176453517374413
2000-09-30,-0.00370036826137177,-0.00407177803489533,-0.00407177803489533,-0.00407177803489533,-0.00407177803489533,-0.00407177803489533,-0.00407177803489533,-0.00407177803489533,-0.00407177803489533,-0.00407177803489533,-0.00407177803489533,-0.00407177803489533,-0.00407177803489533,-0.00407177803489533,-0.00407177803489533,-0.00407177803489533,-0.00407177803489533,-0.00407177803489533,-0.00407177803489533,-0.00407177803489533
2000-10-31,0.0838256009554492,0.115035595904212,0.115035595904212,0.115035595904212,0.115035595904212,0.115035595904212,0.115035595904212,0.115035595904212,0.115035595904212,0.115035595904212,0.115035595904212,0.115035595904212,0.115035595904212,0.115035595904212,0.115035595904212,0.115035595904212,0.115035595904212,0.115035595904212,0.115035595904212,0.115035595904212
2000-11-30,0.132794565966278,0.156463925057703,0.156463925057703,0.156463925057703,0.156463925057703,0.156463925057703,0.156463925057703,0.156463925057703,0.156463925057703,0.156463925057703,0.156463925057703,0.156463925057703,0.156463925057703,0.156463925057703,0.156463925057703,0.156463925057703,0.156463925057703,0.156463925057703,0.156463925057703,0.156463925057703
2000-12-31,0.00240512172787498,0.0451922987817208,0.0451922987817208,0.0451922987817208,0.0451922987817208,0.0451922987817208,0.0451922987817208,0.0451922987817208,0.0451922987817208,0.0451922987817208,0.0451922987817208,0.0451922987817208,0.0451922987817208,0.0451922987817208,0.0451922987817208,0.0451922987817208,0.0451922987817208,0.0451922987817208,0.0451922987817208,0.0451922987817208
2001-04-30,0.0780067061461503,0.106156781577534,0.106156781577534,0.106156781577534,0.106156781577534,0.106156781577534,0.106156781577534,0.106156781577534,0.106156781577534,0.106156781577534,0.106156781577534,0.106156781577534,0.106156781577534,0.106156781577534,0.106156781577534,0.106156781577534,0.106156781577534,0.106156781577534,0.106156781577534,0.106156781577534
2001-05-31,-0.0110824006330268,-0.00865698694895359,-0.00865698694895359,-0.00865698694895359,-0.00865698694895359,-0.00865698694895359,-0.00865698694895359,-0.00865698694895359,-0.00865698694895359,-0.00865698694895359,-0.00865698694895359,-0.00865698694895359,-0.00865698694895359,-0.00865698694895359,-0.00865698694895359,-0.00865698694895359,-0.00865698694895359,-0.00865698694895359,-0.00865698694895359,-0.00865698694895359
2001-10-31,-0.0342791864200358,-0.0316007953606321,-0.0316007953606321,-0.0316007953606321,-0.0316007953606321,-0.0316007953606321,-0.0316007953606321,-0.0316007953606321,-0.0316007953606321,-0.0316007953606321,-0.0316007953606321,-0.0316007953606321,-0.0316007953606321,-0.0316007953606321,-0.0316007953606321,-0.0316007953606321,-0.0316007953606321,-0.0316007953606321,-0.0316007953606321,-0.0316007953606321
2001-11-30,-0.0160178150101574,-0.0249800244393706,-0.0249800244393706,-0.0249800244393706,-0.0249800244393706,-0.0249800244393706,-0.0249800244393706,-0.0249800244393706,-0.0249800244393706,-0.0249800244393706,-0.0249800244393706,-0.0249800244393706,-0.0249800244393706,-0.0249800244393706,-0.0249800244393706,-0.0249800244393706,-0.0249800244393706,-0.0249800244393706,-0.0249800244393706,-0.0249800244393706
2001-12-31,-0.0661683480841735,-0.0546358550938609,-0.0546358550938609,-0.0546358550938609,-0.0546358550938609,-0.0546358550938609,-0.0546358550938609,-0.0546358550938609,-0.0546358550938609,-0.0546358550938609,-0.0546358550938609,-0.0546358550938609,-0.0546358550938609,-0.0546358550938609,-0.0546358550938609,-0.0546358550938609,-0.0546358550938609,-0.0546358550938609,-0.0546358550938609,-0.0546358550938609
2002-09-30,0.0126608034529196,0.0108442511165804,0.0108442511165804,0.0108442511165804,0.0108442511165804,0.0108442511165804,0.0108442511165804,0.0108442511165804,0.0108442511165804,0.0108442511165804,0.0108442511165804,0.0108442511165804,0.0108442511165804,0.0108442511165804,0.0108442511165804,0.0108442511165804,0.0108442511165804,0.0108442511165804,0.0108442511165804,0.0108442511165804
1998-05-31,0.027789373582022,0.036704216441316,0.036704216441316,0.036704216441316,0.036704216441316,0.036704216441316,0.036704216441316,0.036704216441316,0.036704216441316,0.036704216441316,0.036704216441316,0.036704216441316,0.036704216441316,0.036704216441316,0.036704216441316,0.036704216441316,0.036704216441316,0.036704216441316,0.036704216441316,0.036704216441316
1998-06-30,-0.0151555750291619,-0.011873252914598,-0.011873252914598,-0.011873252914598,-0.011873252914598,-0.011873252914598,-0.011873252914598,-0.011873252914598,-0.011873252914598,-0.011873252914598,-0.011873252914598,-0.011873252914598,-0.011873252914598,-0.011873252914598,-0.011873252914598,-0.011873252914598,-0.011873252914598,-0.011873252914598,-0.011873252914598,-0.011873252914598
1998-09-30,-0.0255647986741543,-0.0552943301670606,-0.0552943301670606,-0.0552943301670606,-0.0552943301670606,-0.0552943301670606,-0.0552943301670606,-0.0552943301670606,-0.0552943301670606,-0.0552943301670606,-0.0552943301670606,-0.0552943301670606,-0.0552943301670606,-0.0552943301670606,-0.0552943301670606,-0.0552943301670606,-0.0552943301670606,-0.0552943301670606,-0.0552943301670606,-0.0552943301670606
1998-10-31,-0.0443988907299007,-0.0555153890018338,-0.0555153890018338,-0.0555153890018338,-0.0555153890018338,-0.0555153890018338,-0.0555153890018338,-0.0555153890018338,-0.0555153890018338,-0.0555153890018338,-0.0555153890018338,-0.0555153890018338,-0.0555153890018338,-0.0555153890018338,-0.0555153890018338,-0.0555153890018338,-0.0555153890018338,-0.0555153890018338,-0.0555153890018338,-0.0555153890018338
1999-03-31,0.0145937650273064,-0.0207113218817466,-0.0207113218817466,-0.0207113218817466,-0.0207113218817466,-0.0207113218817466,-0.0207113218817466,-0.0207113218817466,-0.0207113218817466,-0.0207113218817466,-0.0207113218817466,-0.0207113218817466,-0.0207113218817466,-0.0207113218817466,-0.0207113218817466,-0.0207113218817466,-0.0207113218817466,-0.0207113218817466,-0.0207113218817466,-0.0207113218817466
1999-04-30,0.0694308188004548,0.0818865761400883,0.0818865761400883,0.0818865761400883,0.0818865761400883,0.0818865761400883,0.0818865761400883,0.0818865761400883,0.0818865761400883,0.0818865761400883,0.0818865761400883,0.0818865761400883,0.0818865761400883,0.0818865761400883,0.0818865761400883,0.0818865761400883,0.0818865761400883,0.0818865761400883,0.0818865761400883,0.0818865761400883
1999-05-31,-0.0315991191446774,-0.076678461994907,-0.076678461994907,-0.076678461994907,-0.076678461994907,-0.076678461994907,-0.076678461994907,-0.076678461994907,-0.076678461994907,-0.076678461994907,-0.076678461994907,-0.076678461994907,-0.076678461994907,-0.076678461994907,-0.076678461994907,-0.076678461994907,-0.076678461994907,-0.076678461994907,-0.076678461994907,-0.076678461994907
1999-06-30,-0.0669722046745712,-0.0642475220927177,-0.0642475220927177,-0.0642475220927177,-0.0642475220927177,-0.0642475220927177,-0.0642475220927177,-0.0642475220927177,-0.0642475220927177,-0.0642475220927177,-0.0642475220927177,-0.0642475220927177,-0.0642475220927177,-0.0642475220927177,-0.0642475220927177,-0.0642475220927177,-0.0642475220927177,-0.0642475220927177,-0.0642475220927177,-0.0642475220927177
1999-07-31,0.0985568477682883,0.0581064470959007,0.0581064470959007,0.0581064470959007,0.0581064470959007,0.0581064470959007,0.0581064470959007,0.0581064470959007,0.0581064470959007,0.0581064470959007,0.0581064470959007,0.0581064470959007,0.0581064470959007,0.0581064470959007,0.0581064470959007,0.0581064470959007,0.0581064470959007,0.0581064470959007,0.0581064470959007,0.0581064470959007
1999-08-31,0.0319045669121583,0.0361236255186784,0.0361236255186784,0.0361236255186784,0.0361236255186784,0.0361236255186784,0.0361236255186784,0.0361236255186784,0.0361236255186784,0.0361236255186784,0.0361236255186784,0.0361236255186784,0.0361236255186784,0.0361236255186784,0.0361236255186784,0.0361236255186784,0.0361236255186784,0.0361236255186784,0.0361236255186784,0.0361236255186784
2000-07-31,-0.0550354880835957,-0.0759502209776729,-0.0759502209776729,-0.0759502209776729,-0.0759502209776729,-0.0759502209776729,-0.0759502209776729,-0.0759502209776729,-0.0759502209776729,-0.0759502209776729,-0.0759502209776729,-0.0759502209776729,-0.0759502209776729,-0.0759502209776729,-0.0759502209776729,-0.0759502209776729,-0.0759502209776729,-0.0759502209776729,-0.0759502209776729,-0.0759502209776729
2000-08-31,-0.0346330774642987,-0.0615577017344422,-0.0615577017344422,-0.0615577017344422,-0.0615577017344422,-0.0615577017344422,-0.0615577017344422,-0.0615577017344422,-0.0615577017344422,-0.0615577017344422,-0.0615577017344422,-0.0615577017344422,-0.0615577017344422,-0.0615577017344422,-0.0615577017344422,-0.0615577017344422,-0.0615577017344422,-0.0615577017344422,-0.0615577017344422,-0.0615577017344422
2001-01-31,-0.0548293180465469,-0.0655190389642378,-0.0655190389642378,-0.0655190389642378,-0.0655190389642378,-0.0655190389642378,-0.0655190389642378,-0.0655190389642378,-0.0655190389642378,-0.0655190389642378,-0.0655190389642378,-0.0655190389642378,-0.0655190389642378,-0.0655190389642378,-0.0655190389642378,-0.0655190389642378,-0.0655190389642378,-0.0655190389642378,-0.0655190389642378,-0.0655190389642378
2001-02-28,-0.114086058484587,-0.127347708590672,-0.127347708590672,-0.127347708590672,-0.127347708590672,-0.127347708590672,-0.127347708590672,-0.127347708590672,-0.127347708590672,-0.127347708590672,-0.127347708590672,-0.127347708590672,-0.127347708590672,-0.127347708590672,-0.127347708590672,-0.127347708590672,-0.127347708590672,-0.127347708590672,-0.127347708590672,-0.127347708590672
2001-03-31,0.0876379381287909,0.092068682679414,0.092068682679414,0.092068682679414,0.092068682679414,0.092068682679414,0.092068682679414,0.092068682679414,0.092068682679414,0.092068682679414,0.092068682679414,0.092068682679414,0.092068682679414,0.092068682679414,0.092068682679414,0.092068682679414,0.092068682679414,0.092068682679414,0.092068682679414,0.092068682679414
2001-06-30,0.11462289445209,0.147196644841156,0.147196644841156,0.147196644841156,0.147196644841156,0.147196644841156,0.147196644841156,0.147196644841156,0.147196644841156,0.147196644841156,0.147196644841156,0.147196644841156,0.147196644841156,0.147196644841156,0.147196644841156,0.147196644841156,0.147196644841156,0.147196644841156,0.147196644841156,0.147196644841156
2001-07-31,0.0114940000201437,0.00647142960287154,0.00647142960287154,0.00647142960287154,0.00647142960287154,0.00647142960287154,0.00647142960287154,0.00647142960287154,0.00647142960287154,0.00647142960287154,0.00647142960287154,0.00647142960287154,0.00647142960287154,0.00647142960287154,0.00647142960287154,0.00647142960287154,0.00647142960287154,0.00647142960287154,0.00647142960287154,0.00647142960287154
2001-08-31,0.0116698506825045,0.00281536895718133,0.00281536895718133,0.00281536895718133,0.00281536895718133,0.00281536895718133,0.00281536895718133,0.00281536895718133,0.00281536895718133,0.00281536895718133,0.00281536895718133,0.00281536895718133,0.00281536895718133,0.00281536895718133,0.00281536895718133,0.00281536895718133,0.00281536895718133,0.00281536895718133,0.00281536895718133,0.00281536895718133
2001-09-30,0.0213544475692293,0.00535022172776215,0.00535022172776215,0.00535022172776215,0.00535022172776215,0.00535022172776215,0.00535022172776215,0.00535022172776215,0.00535022172776215,0.00535022172776215,0.00535022172776215,0.00535022172776215,0.00535022172776215,0.00535022172776215,0.00535022172776215,0.00535022172776215,0.00535022172776215,0.00535022172776215,0.00535022172776215,0.00535022172776215
2002-01-31,0.036564444082496,0.0404927425015065,0.0404927425015065,0.0404927425015065,0.0404927425015065,0.0404927425015065,0.0404927425015065,0.0404927425015065,0.0404927425015065,0.0404927425015065,0.0404927425015065,0.0404927425015065,0.0404927425015065,0.0404927425015065,0.0404927425015065,0.0404927425015065,0.0404927425015065,0.0404927425015065,0.0404927425015065,0.0404927425015065
2002-02-28,-0.0272231531524655,-0.0618051722562685,-0.0618051722562685,-0.0618051722562685,-0.0618051722562685,-0.0618051722562685,-0.0618051722562685,-0.0618051722562685,-0.0618051722562685,-0.0618051722562685,-0.0618051722562685,-0.0618051722562685,-0.0618051722562685,-0.0618051722562685,-0.0618051722562685,-0.0618051722562685,-0.0618051722562685,-0.0618051722562685,-0.0618051722562685,-0.0618051722562685
2002-03-31,-0.0272850851119724,-0.0399540088080428,-0.0399540088080428,-0.0399540088080428,-0.0399540088080428,-0.0399540088080428,-0.0399540088080428,-0.0399540088080428,-0.0399540088080428,-0.0399540088080428,-0.0399540088080428,-0.0399540088080428,-0.0399540088080428,-0.0399540088080428,-0.0399540088080428,-0.0399540088080428,-0.0399540088080428,-0.0399540088080428,-0.0399540088080428,-0.0399540088080428
2002-04-30,-0.0631268222643453,-0.0732818189535418,-0.0732818189535418,-0.0732818189535418,-0.0732818189535418,-0.0732818189535418,-0.0732818189535418,-0.0732818189535418,-0.0732818189535418,-0.0732818189535418,-0.0732818189535418,-0.0732818189535418,-0.0732818189535418,-0.0732818189535418,-0.0732818189535418,-0.0732818189535418,-0.0732818189535418,-0.0732818189535418,-0.0732818189535418,-0.0732818189535418
2002-05-31,-0.074703316407288,-0.075716489034835,-0.075716489034835,-0.075716489034835,-0.075716489034835,-0.075716489034835,-0.075716489034835,-0.075716489034835,-0.075716489034835,-0.075716489034835,-0.075716489034835,-0.075716489034835,-0.075716489034835,-0.075716489034835,-0.075716489034835,-0.075716489034835,-0.075716489034835,-0.075716489034835,-0.075716489034835,-0.075716489034835
2002-06-30,-0.0443722774591091,-0.0599197455102681,-0.0599197455102681,-0.0599197455102681,-0.0599197455102681,-0.0599197455102681,-0.0599197455102681,-0.0599197455102681,-0.0599197455102681,-0.0599197455102681,-0.0599197455102681,-0.0599197455102681,-0.0599197455102681,-0.0599197455102681,-0.0599197455102681,-0.0599197455102681,-0.0599197455102681,-0.0599197455102681,-0.0599197455102681,-0.0599197455102681
2002-07-31,-0.133446121277893,-0.162440517614696,-0.162440517614696,-0.162440517614696,-0.162440517614696,-0.162440517614696,-0.162440517614696,-0.162440517614696,-0.162440517614696,-0.162440517614696,-0.162440517614696,-0.162440517614696,-0.162440517614696,-0.162440517614696,-0.162440517614696,-0.162440517614696,-0.162440517614696,-0.162440517614696,-0.162440517614696,-0.162440517614696
2002-08-31,0.0981264901227532,0.114015185150895,0.114015185150895,0.114015185150895,0.114015185150895,0.114015185150895,0.114015185150895,0.114015185150895,0.114015185150895,0.114015185150895,0.114015185150895,0.114015185150895,0.114015185150895,0.114015185150895,0.114015185150895,0.114015185150895,0.114015185150895,0.114015185150895,0.114015185150895,0.114015185150895
2002-10-31,0.133162607270872,0.131443423898083,0.131443423898083,0.131443423898083,0.131443423898083,0.131443423898083,0.131443423898083,0.131443423898083,0.131443423898083,0.131443423898083,0.131443423898083,0.131443423898083,0.131443423898083,0.131443423898083,0.131443423898083,0.131443423898083,0.131443423898083,0.131443423898083,0.131443423898083,0.131443423898083
2002-11-30,-0.0949260637696036,-0.103144883263846,-0.103144883263846,-0.103144883263846,-0.103144883263846,-0.103144883263846,-0.103144883263846,-0.103144883263846,-0.103144883263846,-0.103144883263846,-0.103144883263846,-0.103144883263846,-0.103144883263846,-0.103144883263846,-0.103144883263846,-0.103144883263846,-0.103144883263846,-0.103144883263846,-0.103144883263846,-0.103144883263846
2002-12-31,-0.0440167402614333,-0.029509624813947,-0.029509624813947,-0.029509624813947,-0.029509624813947,-0.029509624813947,-0.029509624813947,-0.029509624813947,-0.029509624813947,-0.029509624813947,-0.029509624813947,-0.029509624813947,-0.029509624813947,-0.029509624813947,-0.029509624813947,-0.029509624813947,-0.029509624813947,-0.029509624813947,-0.029509624813947,-0.029509624813947
2003-01-31,-0.010641070964661,-0.017788868448414,-0.017788868448414,-0.017788868448414,-0.017788868448414,-0.017788868448414,-0.017788868448414,-0.017788868448414,-0.017788868448414,-0.017788868448414,-0.017788868448414,-0.017788868448414,-0.017788868448414,-0.017788868448414,-0.017788868448414,-0.017788868448414,-0.017788868448414,-0.017788868448414,-0.017788868448414,-0.017788868448414
2003-02-28,-0.0163838996027016,-0.0251621829224936,-0.0251621829224936,-0.0251621829224936,-0.0251621829224936,-0.0251621829224936,-0.0251621829224936,-0.0251621829224936,-0.0251621829224936,-0.0251621829224936,-0.0251621829224936,-0.0251621829224936,-0.0251621829224936,-0.0251621829224936,-0.0251621829224936,-0.0251621829224936,-0.0251621829224936,-0.0251621829224936,-0.0251621829224936,-0.0251621829224936
2003-03-31,0.103229327417234,0.0899846109785017,0.0899846109785017,0.0899846109785017,0.0899846109785017,0.0899846109785017,0.0899846109785017,0.0899846109785017,0.0899846109785017,0.0899846109785017,0.0899846109785017,0.0899846109785017,0.0899846109785017,0.0899846109785017,0.0899846109785017,0.0899846109785017,0.0899846109785017,0.0899846109785017,0.0899846109785017,0.0899846109785017
2003-04-30,0.0239435883331909,0.0514574231705801,0.0514574231705801,0.0514574231705801,0.0514574231705801,0.0514574231705801,0.0514574231705801,0.0514574231705801,0.0514574231705801,0.0514574231705801,0.0514574231705801,0.0514574231705801,0.0514574231705801,0.0514574231705801,0.0514574231705801,0.0514574231705801,0.0514574231705801,0.0514574231705801,0.0514574231705801,0.0514574231705801
2003-05-31,0.0602712746266504,0.0813278847724493,0.0813278847724493,0.0813278847724493,0.0813278847724493,0.0813278847724493,0.0813278847724493,0.0813278847724493,0.0813278847724493,0.0813278847724493,0.0813278847724493,0.0813278847724493,0.0813278847724493,0.0813278847724493,0.0813278847724493,0.0813278847724493,0.0813278847724493,0.0813278847724493,0.0813278847724493,0.0813278847724493
2003-06-30,0.0508823072950279,0.0498951996027573,0.0498951996027573,0.0498951996027573,0.0498951996027573,0.0498951996027573,0.0498951996027573,0.0498951996027573,0.0498951996027573,0.0498951996027573,0.0498951996027573,0.0498951996027573,0.0498951996027573,0.0498951996027573,0.0498951996027573,0.0498951996027573,0.0498951996027573,0.0498951996027573,0.0498951996027573,0.0498951996027573
2003-07-31,0.0584731421501177,0.0652694157624722,0.0652694157624722,0.0652694157624722,0.0652694157624722,0.0652694157624722,0.0652694157624722,0.0652694157624722,0.0652694157624722,0.0652694157624722,0.0652694157624722,0.0652694157624722,0.0652694157624722,0.0652694157624722,0.0652694157624722,0.0652694157624722,0.0652694157624722,0.0652694157624722,0.0652694157624722,0.0652694157624722
2003-08-31,-0.00722803824298429,0.0286409164888852,0.0286409164888852,0.0286409164888852,0.0286409164888852,0.0286409164888852,0.0286409164888852,0.0286409164888852,0.0286409164888852,0.0286409164888852,0.0286409164888852,0.0286409164888852,0.0286409164888852,0.0286409164888852,0.0286409164888852,0.0286409164888852,0.0286409164888852,0.0286409164888852,0.0286409164888852,0.0286409164888852
2003-09-30,0.0765841672202837,0.0675058499975026,0.0675058499975026,0.0675058499975026,0.0675058499975026,0.0675058499975026,0.0675058499975026,0.0675058499975026,0.0675058499975026,0.0675058499975026,0.0675058499975026,0.0675058499975026,0.0675058499975026,0.0675058499975026,0.0675058499975026,0.0675058499975026,0.0675058499975026,0.0675058499975026,0.0675058499975026,0.0675058499975026
2003-10-31,0.0335347135317047,0.0377588269412108,0.0377588269412108,0.0377588269412108,0.0377588269412108,0.0377588269412108,0.0377588269412108,0.0377588269412108,0.0377588269412108,0.0377588269412108,0.0377588269412108,0.0377588269412108,0.0377588269412108,0.0377588269412108,0.0377588269412108,0.0377588269412108,0.0377588269412108,0.0377588269412108,0.0377588269412108,0.0377588269412108
2003-11-30,0.0230921517834695,0.0221286150932558,0.0221286150932558,0.0221286150932558,0.0221286150932558,0.0221286150932558,0.0221286150932558,0.0221286150932558,0.0221286150932558,0.0221286150932558,0.0221286150932558,0.0221286150932558,0.0221286150932558,0.0221286150932558,0.0221286150932558,0.0221286150932558,0.0221286150932558,0.0221286150932558,0.0221286150932558,0.0221286150932558
2003-12-31,0.0751296364036908,0.106396641349129,0.106396641349129,0.106396641349129,0.106396641349129,0.106396641349129,0.106396641349129,0.106396641349129,0.106396641349129,0.106396641349129,0.106396641349129,0.106396641349129,0.106396641349129,0.106396641349129,0.106396641349129,0.106396641349129,0.106396641349129,0.106396641349129,0.106396641349129,0.106396641349129
2004-01-31,0.0324276241217089,0.0315804507443716,0.0315804507443716,0.0315804507443716,0.0315804507443716,0.0315804507443716,0.0315804507443716,0.0315804507443716,0.0315804507443716,0.0315804507443716,0.0315804507443716,0.0315804507443716,0.0315804507443716,0.0315804507443716,0.0315804507443716,0.0315804507443716,0.0315804507443716,0.0315804507443716,0.0315804507443716,0.0315804507443716
2004-02-29,-0.0088432034305588,-0.0172884537082441,-0.0172884537082441,-0.0172884537082441,-0.0172884537082441,-0.0172884537082441,-0.0172884537082441,-0.0172884537082441,-0.0172884537082441,-0.0172884537082441,-0.0172884537082441,-0.0172884537082441,-0.0172884537082441,-0.0172884537082441,-0.0172884537082441,-0.0172884537082441,-0.0172884537082441,-0.0172884537082441,-0.0172884537082441,-0.0172884537082441
2004-03-31,0.0115883122241017,0.00714213064367113,0.00714213064367113,0.00714213064367113,0.00714213064367113,0.00714213064367113,0.00714213064367113,0.00714213064367113,0.00714213064367113,0.00714213064367113,0.00714213064367113,0.00714213064367113,0.00714213064367113,0.00714213064367113,0.00714213064367113,0.00714213064367113,0.00714213064367113,0.00714213064367113,0.00714213064367113,0.00714213064367113
2004-04-30,-0.00561392837737072,-0.0145715707703783,-0.0145715707703783,-0.0145715707703783,-0.0145715707703783,-0.0145715707703783,-0.0145715707703783,-0.0145715707703783,-0.0145715707703783,-0.0145715707703783,-0.0145715707703783,-0.0145715707703783,-0.0145715707703783,-0.0145715707703783,-0.0145715707703783,-0.0145715707703783,-0.0145715707703783,-0.0145715707703783,-0.0145715707703783,-0.0145715707703783
2004-05-31,0.0171654706846237,0.0130461208967737,0.0130461208967737,0.0130461208967737,0.0130461208967737,0.0130461208967737,0.0130461208967737,0.0130461208967737,0.0130461208967737,0.0130461208967737,0.0130461208967737,0.0130461208967737,0.0130461208967737,0.0130461208967737,0.0130461208967737,0.0130461208967737,0.0130461208967737,0.0130461208967737,0.0130461208967737,0.0130461208967737
2004-06-30,-0.00975202888531203,-0.0227257234254243,-0.0227257234254243,-0.0227257234254243,-0.0227257234254243,-0.0227257234254243,-0.0227257234254243,-0.0227257234254243,-0.0227257234254243,-0.0227257234254243,-0.0227257234254243,-0.0227257234254243,-0.0227257234254243,-0.0227257234254243,-0.0227257234254243,-0.0227257234254243,-0.0227257234254243,-0.0227257234254243,-0.0227257234254243,-0.0227257234254243
2004-07-31,-0.0090949717618499,-0.0248454234548158,-0.0248454234548158,-0.0248454234548158,-0.0248454234548158,-0.0248454234548158,-0.0248454234548158,-0.0248454234548158,-0.0248454234548158,-0.0248454234548158,-0.0248454234548158,-0.0248454234548158,-0.0248454234548158,-0.0248454234548158,-0.0248454234548158,-0.0248454234548158,-0.0248454234548158,-0.0248454234548158,-0.0248454234548158,-0.0248454234548158
2004-08-31,0.0423375309376665,0.0591777920994111,0.0591777920994111,0.0591777920994111,0.0591777920994111,0.0591777920994111,0.0591777920994111,0.0591777920994111,0.0591777920994111,0.0591777920994111,0.0591777920994111,0.0591777920994111,0.0591777920994111,0.0591777920994111,0.0591777920994111,0.0591777920994111,0.0591777920994111,0.0591777920994111,0.0591777920994111,0.0591777920994111
2004-09-30,0.00906261744754229,0.00367218810574421,0.00367218810574421,0.00367218810574421,0.00367218810574421,0.00367218810574421,0.00367218810574421,0.00367218810574421,0.00367218810574421,0.00367218810574421,0.00367218810574421,0.00367218810574421,0.00367218810574421,0.00367218810574421,0.00367218810574421,0.00367218810574421,0.00367218810574421,0.00367218810574421,0.00367218810574421,0.00367218810574421
2004-10-31,0.0622576224697342,0.0817675372412604,0.0817675372412604,0.0817675372412604,0.0817675372412604,0.0817675372412604,0.0817675372412604,0.0817675372412604,0.0817675372412604,0.0817675372412604,0.0817675372412604,0.0817675372412604,0.0817675372412604,0.0817675372412604,0.0817675372412604,0.0817675372412604,0.0817675372412604,0.0817675372412604,0.0817675372412604,0.0817675372412604
2004-11-30,0.0291846778546705,0.0431655961173514,0.0431655961173514,0.0431655961173514,0.0431655961173514,0.0431655961173514,0.0431655961173514,0.0431655961173514,0.0431655961173514,0.0431655961173514,0.0431655961173514,0.0431655961173514,0.0431655961173514,0.0431655961173514,0.0431655961173514,0.0431655961173514,0.0431655961173514,0.0431655961173514,0.0431655961173514,0.0431655961173514
2004-12-31,0.0332658258906467,0.030430443304446,0.030430443304446,0.030430443304446,0.030430443304446,0.030430443304446,0.030430443304446,0.030430443304446,0.030430443304446,0.030430443304446,0.030430443304446,0.030430443304446,0.030430443304446,0.030430443304446,0.030430443304446,0.030430443304446,0.030430443304446,0.030430443304446,0.030430443304446,0.030430443304446
2005-01-31,0.0646288330636683,0.0656814251922263,0.0656814251922263,0.0656814251922263,0.0656814251922263,0.0656814251922263,0.0656814251922263,0.0656814251922263,0.0656814251922263,0.0656814251922263,0.0656814251922263,0.0656814251922263,0.0656814251922263,0.0656814251922263,0.0656814251922263,0.0656814251922263,0.0656814251922263,0.0656814251922263,0.0656814251922263,0.0656814251922263
2005-02-28,0.0170822124618995,0.0318682515549371,0.0318682515549371,0.0318682515549371,0.0318682515549371,0.0318682515549371,0.0318682515549371,0.0318682515549371,0.0318682515549371,0.0318682515549371,0.0318682515549371,0.0318682515549371,0.0318682515549371,0.0318682515549371,0.0318682515549371,0.0318682515549371,0.0318682515549371,0.0318682515549371,0.0318682515549371,0.0318682515549371
2005-03-31,-0.0189843127657175,-0.0290050855695192,-0.0290050855695192,-0.0290050855695192,-0.0290050855695192,-0.0290050855695192,-0.0290050855695192,-0.0290050855695192,-0.0290050855695192,-0.0290050855695192,-0.0290050855695192,-0.0290050855695192,-0.0290050855695192,-0.0290050855695192,-0.0290050855695192,-0.0290050855695192,-0.0290050855695192,-0.0290050855695192,-0.0290050855695192,-0.0290050855695192
2005-04-30,0.0498375206292518,0.039074097320563,0.039074097320563,0.039074097320563,0.039074097320563,0.039074097320563,0.039074097320563,0.039074097320563,0.039074097320563,0.039074097320563,0.039074097320563,0.039074097320563,0.039074097320563,0.039074097320563,0.039074097320563,0.039074097320563,0.039074097320563,0.039074097320563,0.039074097320563,0.039074097320563
2005-05-31,0.0510056769238032,0.048543212489687,0.048543212489687,0.048543212489687,0.048543212489687,0.048543212489687,0.048543212489687,0.048543212489687,0.048543212489687,0.048543212489687,0.048543212489687,0.048543212489687,0.048543212489687,0.048543212489687,0.048543212489687,0.048543212489687,0.048543212489687,0.048543212489687,0.048543212489687,0.048543212489687
2005-06-30,0.0546992040716978,0.0459825661858587,0.0459825661858587,0.0459825661858587,0.0459825661858587,0.0459825661858587,0.0459825661858587,0.0459825661858587,0.0459825661858587,0.0459825661858587,0.0459825661858587,0.0459825661858587,0.0459825661858587,0.0459825661858587,0.0459825661858587,0.0459825661858587,0.0459825661858587,0.0459825661858587,0.0459825661858587,0.0459825661858587
2005-07-31,-0.0047834542374488,0.0267480019845374,0.0267480019845374,0.0267480019845374,0.0267480019845374,0.0267480019845374,0.0267480019845374,0.0267480019845374,0.0267480019845374,0.0267480019845374,0.0267480019845374,0.0267480019845374,0.0267480019845374,0.0267480019845374,0.0267480019845374,0.0267480019845374,0.0267480019845374,0.0267480019845374,0.0267480019845374,0.0267480019845374
2005-08-31,0.0597812687525086,0.0625113195839679,0.0625113195839679,0.0625113195839679,0.0625113195839679,0.0625113195839679,0.0625113195839679,0.0625113195839679,0.0625113195839679,0.0625113195839679,0.0625113195839679,0.0625113195839679,0.0625113195839679,0.0625113195839679,0.0625113195839679,0.0625113195839679,0.0625113195839679,0.0625113195839679,0.0625113195839679,0.0625113195839679
2005-09-30,-0.0150328212180979,-0.0253073206077306,-0.0253073206077306,-0.0253073206077306,-0.0253073206077306,-0.0253073206077306,-0.0253073206077306,-0.0253073206077306,-0.0253073206077306,-0.0253073206077306,-0.0253073206077306,-0.0253073206077306,-0.0253073206077306,-0.0253073206077306,-0.0253073206077306,-0.0253073206077306,-0.0253073206077306,-0.0253073206077306,-0.0253073206077306,-0.0253073206077306
2005-10-31,0.0597389305691433,0.0560770592213122,0.0560770592213122,0.0560770592213122,0.0560770592213122,0.0560770592213122,0.0560770592213122,0.0560770592213122,0.0560770592213122,0.0560770592213122,0.0560770592213122,0.0560770592213122,0.0560770592213122,0.0560770592213122,0.0560770592213122,0.0560770592213122,0.0560770592213122,0.0560770592213122,0.0560770592213122,0.0560770592213122
2005-11-30,0.0714060681234536,0.0838817081895359,0.0838817081895359,0.0838817081895359,0.0838817081895359,0.0838817081895359,0.0838817081895359,0.0838817081895359,0.0838817081895359,0.0838817081895359,0.0838817081895359,0.0838817081895359,0.0838817081895359,0.0838817081895359,0.0838817081895359,0.0838817081895359,0.0838817081895359,0.0838817081895359,0.0838817081895359,0.0838817081895359
2005-12-31,0.0299084098563721,0.0189930386377223,0.0189930386377223,0.0189930386377223,0.0189930386377223,0.0189930386377223,0.0189930386377223,0.0189930386377223,0.0189930386377223,0.0189930386377223,0.0189930386377223,0.0189930386377223,0.0189930386377223,0.0189930386377223,0.0189930386377223,0.0189930386377223,0.0189930386377223,0.0189930386377223,0.0189930386377223,0.0189930386377223
2006-01-31,0.0481054897313183,0.0413238984885456,0.0413238984885456,0.0413238984885456,0.0413238984885456,0.0413238984885456,0.0413238984885456,0.0413238984885456,0.0413238984885456,0.0413238984885456,0.0413238984885456,0.0413238984885456,0.0413238984885456,0.0413238984885456,0.0413238984885456,0.0413238984885456,0.0413238984885456,0.0413238984885456,0.0413238984885456,0.0413238984885456
2006-02-28,0.0686470349144412,0.0667398031308869,0.0667398031308869,0.0667398031308869,0.0667398031308869,0.0667398031308869,0.0667398031308869,0.0667398031308869,0.0667398031308869,0.0667398031308869,0.0667398031308869,0.0667398031308869,0.0667398031308869,0.0667398031308869,0.0667398031308869,0.0667398031308869,0.0667398031308869,0.0667398031308869,0.0667398031308869,0.0667398031308869
2006-03-31,0.0229066836347903,0.0206920367324558,0.0206920367324558,0.0206920367324558,0.0206920367324558,0.0206920367324558,0.0206920367324558,0.0206920367324558,0.0206920367324558,0.0206920367324558,0.0206920367324558,0.0206920367324558,0.0206920367324558,0.0206920367324558,0.0206920367324558,0.0206920367324558,0.0206920367324558,0.0206920367324558,0.0206920367324558,0.0206920367324558
2006-04-30,-0.0781479525623025,-0.0796057813216368,-0.0796057813216368,-0.0796057813216368,-0.0796057813216368,-0.0796057813216368,-0.0796057813216368,-0.0796057813216368,-0.0796057813216368,-0.0796057813216368,-0.0796057813216368,-0.0796057813216368,-0.0796057813216368,-0.0796057813216368,-0.0796057813216368,-0.0796057813216368,-0.0796057813216368,-0.0796057813216368,-0.0796057813216368,-0.0796057813216368
2006-05-31,0.0151303764096511,0.00252675836329837,0.00252675836329837,0.00252675836329837,0.00252675836329837,0.00252675836329837,0.00252675836329837,0.00252675836329837,0.00252675836329837,0.00252675836329837,0.00252675836329837,0.00252675836329837,0.00252675836329837,0.00252675836329837,0.00252675836329837,0.00252675836329837,0.00252675836329837,0.00252675836329837,0.00252675836329837,0.00252675836329837
2006-06-30,-0.00330152826693951,-0.0121563309532353,-0.0121563309532353,-0.0121563309532353,-0.0121563309532353,-0.0121563309532353,-0.0121563309532353,-0.0121563309532353,-0.0121563309532353,-0.0121563309532353,-0.0121563309532353,-0.0121563309532353,-0.0121563309532353,-0.0121563309532353,-0.0121563309532353,-0.0121563309532353,-0.0121563309532353,-0.0121563309532353,-0.0121563309532353,-0.0121563309532353
2006-07-31,0.0269234173279951,0.0278556147997583,0.0278556147997583,0.0278556147997583,0.0278556147997583,0.0278556147997583,0.0278556147997583,0.0278556147997583,0.0278556147997583,0.0278556147997583,0.0278556147997583,0.0278556147997583,0.0278556147997583,0.0278556147997583,0.0278556147997583,0.0278556147997583,0.0278556147997583,0.0278556147997583,0.0278556147997583,0.0278556147997583
2006-08-31,0.0555166881013119,0.052079644772476,0.052079644772476,0.052079644772476,0.052079644772476,0.052079644772476,0.052079644772476,0.052079644772476,0.052079644772476,0.052079644772476,0.052079644772476,0.052079644772476,0.052079644772476,0.052079644772476,0.052079644772476,0.052079644772476,0.052079644772476,0.052079644772476,0.052079644772476,0.052079644772476
2006-09-30,0.0452449846368608,0.0314932297874869,0.0314932297874869,0.0314932297874869,0.0314932297874869,0.0314932297874869,0.0314932297874869,0.0314932297874869,0.0314932297874869,0.0314932297874869,0.0314932297874869,0.0314932297874869,0.0314932297874869,0.0314932297874869,0.0314932297874869,0.0314932297874869,0.0314932297874869,0.0314932297874869,0.0314932297874869,0.0314932297874869
2006-10-31,0.0188816009894499,0.0281013767066988,0.0281013767066988,0.0281013767066988,0.0281013767066988,0.0281013767066988,0.0281013767066988,0.0281013767066988,0.0281013767066988,0.0281013767066988,0.0281013767066988,0.0281013767066988,0.0281013767066988,0.0281013767066988,0.0281013767066988,0.0281013767066988,0.0281013767066988,0.0281013767066988,0.0281013767066988,0.0281013767066988
2006-11-30,0.104323620841435,0.100853883126311,0.100853883126311,0.100853883126311,0.100853883126311,0.100853883126311,0.100853883126311,0.100853883126311,0.100853883126311,0.100853883126311,0.100853883126311,0.100853883126311,0.100853883126311,0.100853883126311,0.100853883126311,0.100853883126311,0.100853883126311,0.100853883126311,0.100853883126311,0.100853883126311
2006-12-31,0.0374518284353269,0.0432019613564792,0.0432019613564792,0.0432019613564792,0.0432019613564792,0.0432019613564792,0.0432019613564792,0.0432019613564792,0.0432019613564792,0.0432019613564792,0.0432019613564792,0.0432019613564792,0.0432019613564792,0.0432019613564792,0.0432019613564792,0.0432019613564792,0.0432019613564792,0.0432019613564792,0.0432019613564792,0.0432019613564792
2007-01-31,-0.021228881075108,-0.0276879833219547,-0.0276879833219547,-0.0276879833219547,-0.0276879833219547,-0.0276879833219547,-0.0276879833219547,-0.0276879833219547,-0.0276879833219547,-0.0276879833219547,-0.0276879833219547,-0.0276879833219547,-0.0276879833219547,-0.0276879833219547,-0.0276879833219547,-0.0276879833219547,-0.0276879833219547,-0.0276879833219547,-0.0276879833219547,-0.0276879833219547
2007-02-28,0.0572897019487517,0.0467128899000196,0.0467128899000196,0.0467128899000196,0.0467128899000196,0.0467128899000196,0.0467128899000196,0.0467128899000196,0.0467128899000196,0.0467128899000196,0.0467128899000196,0.0467128899000196,0.0467128899000196,0.0467128899000196,0.0467128899000196,0.0467128899000196,0.0467128899000196,0.0467128899000196,0.0467128899000196,0.0467128899000196
2007-03-31,0.0416618089174939,0.0467754156038121,0.0467754156038121,0.0467754156038121,0.0467754156038121,0.0467754156038121,0.0467754156038121,0.0467754156038121,0.0467754156038121,0.0467754156038121,0.0467754156038121,0.0467754156038121,0.0467754156038121,0.0467754156038121,0.0467754156038121,0.0467754156038121,0.0467754156038121,0.0467754156038121,0.0467754156038121,0.0467754156038121
2007-04-30,0.0247604587649239,0.0239186977041354,0.0239186977041354,0.0239186977041354,0.0239186977041354,0.0239186977041354,0.0239186977041354,0.0239186977041354,0.0239186977041354,0.0239186977041354,0.0239186977041354,0.0239186977041354,0.0239186977041354,0.0239186977041354,0.0239186977041354,0.0239186977041354,0.0239186977041354,0.0239186977041354,0.0239186977041354,0.0239186977041354
2007-05-31,-0.0347944974547905,-0.0289346490740103,-0.0289346490740103,-0.0289346490740103,-0.0289346490740103,-0.0289346490740103,-0.0289346490740103,-0.0289346490740103,-0.0289346490740103,-0.0289346490740103,-0.0289346490740103,-0.0289346490740103,-0.0289346490740103,-0.0289346490740103,-0.0289346490740103,-0.0289346490740103,-0.0289346490740103,-0.0289346490740103,-0.0289346490740103,-0.0289346490740103
2007-06-30,-0.0216468034256647,-0.0221877406210659,-0.0221877406210659,-0.0221877406210659,-0.0221877406210659,-0.0221877406210659,-0.0221877406210659,-0.0221877406210659,-0.0221877406210659,-0.0221877406210659,-0.0221877406210659,-0.0221877406210659,-0.0221877406210659,-0.0221877406210659,-0.0221877406210659,-0.0221877406210659,-0.0221877406210659,-0.0221877406210659,-0.0221877406210659,-0.0221877406210659
2007-07-31,-0.0308851515683857,-0.0340086295001916,-0.0340086295001916,-0.0340086295001916,-0.0340086295001916,-0.0340086295001916,-0.0340086295001916,-0.0340086295001916,-0.0340086295001916,-0.0340086295001916,-0.0340086295001916,-0.0340086295001916,-0.0340086295001916,-0.0340086295001916,-0.0340086295001916,-0.0340086295001916,-0.0340086295001916,-0.0340086295001916,-0.0340086295001916,-0.0340086295001916
2007-08-31,-0.033887036477217,-0.0173714120373674,-0.0173714120373674,-0.0173714120373674,-0.0173714120373674,-0.0173714120373674,-0.0173714120373674,-0.0173714120373674,-0.0173714120373674,-0.0173714120373674,-0.0173714120373674,-0.0173714120373674,-0.0173714120373674,-0.0173714120373674,-0.0173714120373674,-0.0173714120373674,-0.0173714120373674,-0.0173714120373674,-0.0173714120373674,-0.0173714120373674
2007-09-30,-0.0164761767330331,-0.0210946237523548,-0.0210946237523548,-0.0210946237523548,-0.0210946237523548,-0.0210946237523548,-0.0210946237523548,-0.0210946237523548,-0.0210946237523548,-0.0210946237523548,-0.0210946237523548,-0.0210946237523548,-0.0210946237523548,-0.0210946237523548,-0.0210946237523548,-0.0210946237523548,-0.0210946237523548,-0.0210946237523548,-0.0210946237523548,-0.0210946237523548
2007-10-31,-0.0707364603261869,-0.0808525548565991,-0.0808525548565991,-0.0808525548565991,-0.0808525548565991,-0.0808525548565991,-0.0808525548565991,-0.0808525548565991,-0.0808525548565991,-0.0808525548565991,-0.0808525548565991,-0.0808525548565991,-0.0808525548565991,-0.0808525548565991,-0.0808525548565991,-0.0808525548565991,-0.0808525548565991,-0.0808525548565991,-0.0808525548565991,-0.0808525548565991
2007-11-30,-0.0237958646926839,-0.0203567317739303,-0.0203567317739303,-0.0203567317739303,-0.0203567317739303,-0.0203567317739303,-0.0203567317739303,-0.0203567317739303,-0.0203567317739303,-0.0203567317739303,-0.0203567317739303,-0.0203567317739303,-0.0203567317739303,-0.0203567317739303,-0.0203567317739303,-0.0203567317739303,-0.0203567317739303,-0.0203567317739303,-0.0203567317739303,-0.0203567317739303
2007-12-31,-0.0964428396031592,-0.0875548070454564,-0.0875548070454564,-0.0875548070454564,-0.0875548070454564,-0.0875548070454564,-0.0875548070454564,-0.0875548070454564,-0.0875548070454564,-0.0875548070454564,-0.0875548070454564,-0.0875548070454564,-0.0875548070454564,-0.0875548070454564,-0.0875548070454564,-0.0875548070454564,-0.0875548070454564,-0.0875548070454564,-0.0875548070454564,-0.0875548070454564
2008-01-31,0.0609541913949151,0.0714069894770639,0.0714069894770639,0.0714069894770639,0.0714069894770639,0.0714069894770639,0.0714069894770639,0.0714069894770639,0.0714069894770639,0.0714069894770639,0.0714069894770639,0.0714069894770639,0.0714069894770639,0.0714069894770639,0.0714069894770639,0.0714069894770639,0.0714069894770639,0.0714069894770639,0.0714069894770639,0.0714069894770639
2008-02-29,-0.0119629903258654,-0.0178816152565489,-0.0178816152565489,-0.0178816152565489,-0.0178816152565489,-0.0178816152565489,-0.0178816152565489,-0.0178816152565489,-0.0178816152565489,-0.0178816152565489,-0.0178816152565489,-0.0178816152565489,-0.0178816152565489,-0.0178816152565489,-0.0178816152565489,-0.0178816152565489,-0.0178816152565489,-0.0178816152565489,-0.0178816152565489,-0.0178816152565489
2008-03-31,-0.00924066406626268,-0.000894357886675803,-0.000894357886675803,-0.000894357886675803,-0.000894357886675803,-0.000894357886675803,-0.000894357886675803,-0.000894357886675803,-0.000894357886675803,-0.000894357886675803,-0.000894357886675803,-0.000894357886675803,-0.000894357886675803,-0.000894357886675803,-0.000894357886675803,-0.000894357886675803,-0.000894357886675803,-0.000894357886675803,-0.000894357886675803,-0.000894357886675803
2008-04-30,0.0219608689984453,0.0163905144375758,0.0163905144375758,0.0163905144375758,0.0163905144375758,0.0163905144375758,0.0163905144375758,0.0163905144375758,0.0163905144375758,0.0163905144375758,0.0163905144375758,0.0163905144375758,0.0163905144375758,0.0163905144375758,0.0163905144375758,0.0163905144375758,0.0163905144375758,0.0163905144375758,0.0163905144375758,0.0163905144375758
2008-05-31,-0.130146301913219,-0.123119114974428,-0.123119114974428,-0.123119114974428,-0.123119114974428,-0.123119114974428,-0.123119114974428,-0.123119114974428,-0.123119114974428,-0.123119114974428,-0.123119114974428,-0.123119114974428,-0.123119114974428,-0.123119114974428,-0.123119114974428,-0.123119114974428,-0.123119114974428,-0.123119114974428,-0.123119114974428,-0.123119114974428
2008-06-30,-0.0205095844349859,-0.0203944542895238,-0.0203944542895238,-0.0203944542895238,-0.0203944542895238,-0.0203944542895238,-0.0203944542895238,-0.0203944542895238,-0.0203944542895238,-0.0203944542895238,-0.0203944542895238,-0.0203944542895238,-0.0203944542895238,-0.0203944542895238,-0.0203944542895238,-0.0203944542895238,-0.0203944542895238,-0.0203944542895238,-0.0203944542895238,-0.0203944542895238
2008-07-31,0.0224852926298593,0.0138430975988109,0.0138430975988109,0.0138430975988109,0.0138430975988109,0.0138430975988109,0.0138430975988109,0.0138430975988109,0.0138430975988109,0.0138430975988109,0.0138430975988109,0.0138430975988109,0.0138430975988109,0.0138430975988109,0.0138430975988109,0.0138430975988109,0.0138430975988109,0.0138430975988109,0.0138430975988109,0.0138430975988109
2008-08-31,-0.131542702132961,-0.128549439938883,-0.128549439938883,-0.128549439938883,-0.128549439938883,-0.128549439938883,-0.128549439938883,-0.128549439938883,-0.128549439938883,-0.128549439938883,-0.128549439938883,-0.128549439938883,-0.128549439938883,-0.128549439938883,-0.128549439938883,-0.128549439938883,-0.128549439938883,-0.128549439938883,-0.128549439938883,-0.128549439938883
2008-09-30,-0.158989109187388,-0.164692887168755,-0.164692887168755,-0.164692887168755,-0.164692887168755,-0.164692887168755,-0.164692887168755,-0.164692887168755,-0.164692887168755,-0.164692887168755,-0.164692887168755,-0.164692887168755,-0.164692887168755,-0.164692887168755,-0.164692887168755,-0.164692887168755,-0.164692887168755,-0.164692887168755,-0.164692887168755,-0.164692887168755
2008-10-31,-0.0666563264109908,-0.0687044070066426,-0.0687044070066426,-0.0687044070066426,-0.0687044070066426,-0.0687044070066426,-0.0687044070066426,-0.0687044070066426,-0.0687044070066426,-0.0687044070066426,-0.0687044070066426,-0.0687044070066426,-0.0687044070066426,-0.0687044070066426,-0.0687044070066426,-0.0687044070066426,-0.0687044070066426,-0.0687044070066426,-0.0687044070066426,-0.0687044070066426
2008-11-30,0.0347058018552823,-0.0217324345305815,-0.0217324345305815,-0.0217324345305815,-0.0217324345305815,-0.0217324345305815,-0.0217324345305815,-0.0217324345305815,-0.0217324345305815,-0.0217324345305815,-0.0217324345305815,-0.0217324345305815,-0.0217324345305815,-0.0217324345305815,-0.0217324345305815,-0.0217324345305815,-0.0217324345305815,-0.0217324345305815,-0.0217324345305815,-0.0217324345305815
2008-12-31,0.013031443689733,0.0631840018327287,0.0631840018327287,0.0631840018327287,0.0631840018327287,0.0631840018327287,0.0631840018327287,0.0631840018327287,0.0631840018327287,0.0631840018327287,0.0631840018327287,0.0631840018327287,0.0631840018327287,0.0631840018327287,0.0631840018327287,0.0631840018327287,0.0631840018327287,0.0631840018327287,0.0631840018327287,0.0631840018327287
2009-01-31,0.00160347558995322,0.0144606430527117,0.0144606430527117,0.0144606430527117,0.0144606430527117,0.0144606430527117,0.0144606430527117,0.0144606430527117,0.0144606430527117,0.0144606430527117,0.0144606430527117,0.0144606430527117,0.0144606430527117,0.0144606430527117,0.0144606430527117,0.0144606430527117,0.0144606430527117,0.0144606430527117,0.0144606430527117,0.0144606430527117
2009-02-28,0.0130413129290267,0.0158027823496348,0.0158027823496348,0.0158027823496348,0.0158027823496348,0.0158027823496348,0.0158027823496348,0.0158027823496348,0.0158027823496348,0.0158027823496348,0.0158027823496348,0.0158027823496348,0.0158027823496348,0.0158027823496348,0.0158027823496348,0.0158027823496348,0.0158027823496348,0.0158027823496348,0.0158027823496348,0.0158027823496348
2009-03-31,0.212384307158475,0.207953226991025,0.207953226991025,0.207953226991025,0.207953226991025,0.207953226991025,0.207953226991025,0.207953226991025,0.207953226991025,0.207953226991025,0.207953226991025,0.207953226991025,0.207953226991025,0.207953226991025,0.207953226991025,0.207953226991025,0.207953226991025,0.207953226991025,0.207953226991025,0.207953226991025
2009-04-30,0.0419684232441244,0.0695721104109324,0.0695721104109324,0.0695721104109324,0.0695721104109324,0.0695721104109324,0.0695721104109324,0.0695721104109324,0.0695721104109324,0.0695721104109324,0.0695721104109324,0.0695721104109324,0.0695721104109324,0.0695721104109324,0.0695721104109324,0.0695721104109324,0.0695721104109324,0.0695721104109324,0.0695721104109324,0.0695721104109324
2009-05-31,-0.0241048095409933,-0.020327284198245,-0.020327284198245,-0.020327284198245,-0.020327284198245,-0.020327284198245,-0.020327284198245,-0.020327284198245,-0.020327284198245,-0.020327284198245,-0.020327284198245,-0.020327284198245,-0.020327284198245,-0.020327284198245,-0.020327284198245,-0.020327284198245,-0.020327284198245,-0.020327284198245,-0.020327284198245,-0.020327284198245
2009-06-30,0.077763596319849,0.0490916973949862,0.0490916973949862,0.0490916973949862,0.0490916973949862,0.0490916973949862,0.0490916973949862,0.0490916973949862,0.0490916973949862,0.0490916973949862,0.0490916973949862,0.0490916973949862,0.0490916973949862,0.0490916973949862,0.0490916973949862,0.0490916973949862,0.0490916973949862,0.0490916973949862,0.0490916973949862,0.0490916973949862
2009-07-31,0.0657985138937397,0.0665106317190656,0.0665106317190656,0.0665106317190656,0.0665106317190656,0.0665106317190656,0.0665106317190656,0.0665106317190656,0.0665106317190656,0.0665106317190656,0.0665106317190656,0.0665106317190656,0.0665106317190656,0.0665106317190656,0.0665106317190656,0.0665106317190656,0.0665106317190656,0.0665106317190656,0.0665106317190656,0.0665106317190656
2009-08-31,0.0564708482675084,0.0626964383074694,0.0626964383074694,0.0626964383074694,0.0626964383074694,0.0626964383074694,0.0626964383074694,0.0626964383074694,0.0626964383074694,0.0626964383074694,0.0626964383074694,0.0626964383074694,0.0626964383074694,0.0626964383074694,0.0626964383074694,0.0626964383074694,0.0626964383074694,0.0626964383074694,0.0626964383074694,0.0626964383074694
2009-09-30,0.0403687374658171,0.0261879166264112,0.0261879166264112,0.0261879166264112,0.0261879166264112,0.0261879166264112,0.0261879166264112,0.0261879166264112,0.0261879166264112,0.0261879166264112,0.0261879166264112,0.0261879166264112,0.0261879166264112,0.0261879166264112,0.0261879166264112,0.0261879166264112,0.0261879166264112,0.0261879166264112,0.0261879166264112,0.0261879166264112
2009-10-31,0.0156152198362295,0.026828167439937,0.026828167439937,0.026828167439937,0.026828167439937,0.026828167439937,0.026828167439937,0.026828167439937,0.026828167439937,0.026828167439937,0.026828167439937,0.026828167439937,0.026828167439937,0.026828167439937,0.026828167439937,0.026828167439937,0.026828167439937,0.026828167439937,0.026828167439937,0.026828167439937
2009-11-30,0.0229829694005808,0.0197590358325946,0.0197590358325946,0.0197590358325946,0.0197590358325946,0.0197590358325946,0.0197590358325946,0.0197590358325946,0.0197590358325946,0.0197590358325946,0.0197590358325946,0.0197590358325946,0.0197590358325946,0.0197590358325946,0.0197590358325946,0.0197590358325946,0.0197590358325946,0.0197590358325946,0.0197590358325946,0.0197590358325946
2009-12-31,0.0253990524477501,0.0485016223267731,0.0485016223267731,0.0485016223267731,0.0485016223267731,0.0485016223267731,0.0485016223267731,0.0485016223267731,0.0485016223267731,0.0485016223267731,0.0485016223267731,0.0485016223267731,0.0485016223267731,0.0485016223267731,0.0485016223267731,0.0485016223267731,0.0485016223267731,0.0485016223267731,0.0485016223267731,0.0485016223267731
2010-01-31,-0.00834303187383804,-0.00551707574854205,-0.00551707574854205,-0.00551707574854205,-0.00551707574854205,-0.00551707574854205,-0.00551707574854205,-0.00551707574854205,-0.00551707574854205,-0.00551707574854205,-0.00551707574854205,-0.00551707574854205,-0.00551707574854205,-0.00551707574854205,-0.00551707574854205,-0.00551707574854205,-0.00551707574854205,-0.00551707574854205,-0.00551707574854205,-0.00551707574854205
2010-02-28,0.0952129906226149,0.1026837673389,0.1026837673389,0.1026837673389,0.1026837673389,0.1026837673389,0.1026837673389,0.1026837673389,0.1026837673389,0.1026837673389,0.1026837673389,0.1026837673389,0.1026837673389,0.1026837673389,0.1026837673389,0.1026837673389,0.1026837673389,0.1026837673389,0.1026837673389,0.1026837673389
2010-03-31,0.0120855898832989,0.00629784857460647,0.00629784857460647,0.00629784857460647,0.00629784857460647,0.00629784857460647,0.00629784857460647,0.00629784857460647,0.00629784857460647,0.00629784857460647,0.00629784857460647,0.00629784857460647,0.00629784857460647,0.00629784857460647,0.00629784857460647,0.00629784857460647,0.00629784857460647,0.00629784857460647,0.00629784857460647,0.00629784857460647
2010-04-30,-0.0652519904792229,-0.0641072373957596,-0.0641072373957596,-0.0641072373957596,-0.0641072373957596,-0.0641072373957596,-0.0641072373957596,-0.0641072373957596,-0.0641072373957596,-0.0641072373957596,-0.0641072373957596,-0.0641072373957596,-0.0641072373957596,-0.0641072373957596,-0.0641072373957596,-0.0641072373957596,-0.0641072373957596,-0.0641072373957596,-0.0641072373957596,-0.0641072373957596
2010-05-31,-0.0193101870728221,-0.0270745036392821,-0.0270745036392821,-0.0270745036392821,-0.0270745036392821,-0.0270745036392821,-0.0270745036392821,-0.0270745036392821,-0.0270745036392821,-0.0270745036392821,-0.0270745036392821,-0.0270745036392821,-0.0270745036392821,-0.0270745036392821,-0.0270745036392821,-0.0270745036392821,-0.0270745036392821,-0.0270745036392821,-0.0270745036392821,-0.0270745036392821
2010-06-30,0.040425392939554,0.0339052516805637,0.0339052516805637,0.0339052516805637,0.0339052516805637,0.0339052516805637,0.0339052516805637,0.0339052516805637,0.0339052516805637,0.0339052516805637,0.0339052516805637,0.0339052516805637,0.0339052516805637,0.0339052516805637,0.0339052516805637,0.0339052516805637,0.0339052516805637,0.0339052516805637,0.0339052516805637,0.0339052516805637
2010-07-31,-0.0378345185061755,-0.0385205323487101,-0.0385205323487101,-0.0385205323487101,-0.0385205323487101,-0.0385205323487101,-0.0385205323487101,-0.0385205323487101,-0.0385205323487101,-0.0385205323487101,-0.0385205323487101,-0.0385205323487101,-0.0385205323487101,-0.0385205323487101,-0.0385205323487101,-0.0385205323487101,-0.0385205323487101,-0.0385205323487101,-0.0385205323487101,-0.0385205323487101
2010-08-31,0.118173023235099,0.105939348800329,0.105939348800329,0.105939348800329,0.105939348800329,0.105939348800329,0.105939348800329,0.105939348800329,0.105939348800329,0.105939348800329,0.105939348800329,0.105939348800329,0.105939348800329,0.105939348800329,0.105939348800329,0.105939348800329,0.105939348800329,0.105939348800329,0.105939348800329,0.105939348800329
2010-09-30,0.00854398772964605,0.00898531190792759,0.00898531190792759,0.00898531190792759,0.00898531190792759,0.00898531190792759,0.00898531190792759,0.00898531190792759,0.00898531190792759,0.00898531190792759,0.00898531190792759,0.00898531190792759,0.00898531190792759,0.00898531190792759,0.00898531190792759,0.00898531190792759,0.00898531190792759,0.00898531190792759,0.00898531190792759,0.00898531190792759
2010-10-31,0.00403852375486294,0.00235094324621458,0.00235094324621458,0.00235094324621458,0.00235094324621458,0.00235094324621458,0.00235094324621458,0.00235094324621458,0.00235094324621458,0.00235094324621458,0.00235094324621458,0.00235094324621458,0.00235094324621458,0.00235094324621458,0.00235094324621458,0.00235094324621458,0.00235094324621458,0.00235094324621458,0.00235094324621458,0.00235094324621458
2010-11-30,0.0998060964666806,0.0835747106437207,0.0835747106437207,0.0835747106437207,0.0835747106437207,0.0835747106437207,0.0835747106437207,0.0835747106437207,0.0835747106437207,0.0835747106437207,0.0835747106437207,0.0835747106437207,0.0835747106437207,0.0835747106437207,0.0835747106437207,0.0835747106437207,0.0835747106437207,0.0835747106437207,0.0835747106437207,0.0835747106437207
2010-12-31,-0.011026594707029,0.00543446507099718,0.00543446507099718,0.00543446507099718,0.00543446507099718,0.00543446507099718,0.00543446507099718,0.00543446507099718,0.00543446507099718,0.00543446507099718,0.00543446507099718,0.00543446507099718,0.00543446507099718,0.00543446507099718,0.00543446507099718,0.00543446507099718,0.00543446507099718,0.00543446507099718,0.00543446507099718,0.00543446507099718
2011-01-31,-0.0196222103016933,-0.0244590998507798,-0.0244590998507798,-0.0244590998507798,-0.0244590998507798,-0.0244590998507798,-0.0244590998507798,-0.0244590998507798,-0.0244590998507798,-0.0244590998507798,-0.0244590998507798,-0.0244590998507798,-0.0244590998507798,-0.0244590998507798,-0.0244590998507798,-0.0244590998507798,-0.0244590998507798,-0.0244590998507798,-0.0244590998507798,-0.0244590998507798
2011-02-28,0.0487950109766334,0.0459555735816358,0.0459555735816358,0.0459555735816358,0.0459555735816358,0.0459555735816358,0.0459555735816358,0.0459555735816358,0.0459555735816358,0.0459555735816358,0.0459555735816358,0.0459555735816358,0.0459555735816358,0.0459555735816358,0.0459555735816358,0.0459555735816358,0.0459555735816358,0.0459555735816358,0.0459555735816358,0.0459555735816358
2011-03-31,0.0230285000514507,0.0228570687286491,0.0228570687286491,0.0228570687286491,0.0228570687286491,0.0228570687286491,0.0228570687286491,0.0228570687286491,0.0228570687286491,0.0228570687286491,0.0228570687286491,0.0228570687286491,0.0228570687286491,0.0228570687286491,0.0228570687286491,0.0228570687286491,0.0228570687286491,0.0228570687286491,0.0228570687286491,0.0228570687286491
2011-04-30,-0.0178228455690718,-0.0230490397820102,-0.0230490397820102,-0.0230490397820102,-0.0230490397820102,-0.0230490397820102,-0.0230490397820102,-0.0230490397820102,-0.0230490397820102,-0.0230490397820102,-0.0230490397820102,-0.0230490397820102,-0.0230490397820102,-0.0230490397820102,-0.0230490397820102,-0.0230490397820102,-0.0230490397820102,-0.0230490397820102,-0.0230490397820102,-0.0230490397820102
2011-05-31,-0.040951725789384,-0.0456375441300608,-0.0456375441300608,-0.0456375441300608,-0.0456375441300608,-0.0456375441300608,-0.0456375441300608,-0.0456375441300608,-0.0456375441300608,-0.0456375441300608,-0.0456375441300608,-0.0456375441300608,-0.0456375441300608,-0.0456375441300608,-0.0456375441300608,-0.0456375441300608,-0.0456375441300608,-0.0456375441300608,-0.0456375441300608,-0.0456375441300608
2011-06-30,-0.0430408116392201,-0.0457054580183807,-0.0457054580183807,-0.0457054580183807,-0.0457054580183807,-0.0457054580183807,-0.0457054580183807,-0.0457054580183807,-0.0457054580183807,-0.0457054580183807,-0.0457054580183807,-0.0457054580183807,-0.0457054580183807,-0.0457054580183807,-0.0457054580183807,-0.0457054580183807,-0.0457054580183807,-0.0457054580183807,-0.0457054580183807,-0.0457054580183807
2011-07-31,-0.0860904677390563,-0.101021622083435,-0.101021622083435,-0.101021622083435,-0.101021622083435,-0.101021622083435,-0.101021622083435,-0.101021622083435,-0.101021622083435,-0.101021622083435,-0.101021622083435,-0.101021622083435,-0.101021622083435,-0.101021622083435,-0.101021622083435,-0.101021622083435,-0.101021622083435,-0.101021622083435,-0.101021622083435,-0.101021622083435
2011-08-31,-0.0834308995243836,-0.0821345829066918,-0.0821345829066918,-0.0821345829066918,-0.0821345829066918,-0.0821345829066918,-0.0821345829066918,-0.0821345829066918,-0.0821345829066918,-0.0821345829066918,-0.0821345829066918,-0.0821345829066918,-0.0821345829066918,-0.0821345829066918,-0.0821345829066918,-0.0821345829066918,-0.0821345829066918,-0.0821345829066918,-0.0821345829066918,-0.0821345829066918
2011-09-30,0.0968768120686823,0.0772136863514367,0.0772136863514367,0.0772136863514367,0.0772136863514367,0.0772136863514367,0.0772136863514367,0.0772136863514367,0.0772136863514367,0.0772136863514367,0.0772136863514367,0.0772136863514367,0.0772136863514367,0.0772136863514367,0.0772136863514367,0.0772136863514367,0.0772136863514367,0.0772136863514367,0.0772136863514367,0.0772136863514367
2011-10-31,-0.0207520815221867,-0.0348624922346366,-0.0348624922346366,-0.0348624922346366,-0.0348624922346366,-0.0348624922346366,-0.0348624922346366,-0.0348624922346366,-0.0348624922346366,-0.0348624922346366,-0.0348624922346366,-0.0348624922346366,-0.0348624922346366,-0.0348624922346366,-0.0348624922346366,-0.0348624922346366,-0.0348624922346366,-0.0348624922346366,-0.0348624922346366,-0.0348624922346366
2011-11-30,0.020576073954576,0.0170177764848288,0.0170177764848288,0.0170177764848288,0.0170177764848288,0.0170177764848288,0.0170177764848288,0.0170177764848288,0.0170177764848288,0.0170177764848288,0.0170177764848288,0.0170177764848288,0.0170177764848288,0.0170177764848288,0.0170177764848288,0.0170177764848288,0.0170177764848288,0.0170177764848288,0.0170177764848288,0.0170177764848288
2011-12-31,0.0903673804718999,0.105484373813276,0.105484373813276,0.105484373813276,0.105484373813276,0.105484373813276,0.105484373813276,0.105484373813276,0.105484373813276,0.105484373813276,0.105484373813276,0.105484373813276,0.105484373813276,0.105484373813276,0.105484373813276,0.105484373813276,0.105484373813276,0.105484373813276,0.105484373813276,0.105484373813276
2012-01-31,0.0401056769918663,0.0513218045920274,0.0513218045920274,0.0513218045920274,0.0513218045920274,0.0513218045920274,0.0513218045920274,0.0513218045920274,0.0513218045920274,0.0513218045920274,0.0513218045920274,0.0513218045920274,0.0513218045920274,0.0513218045920274,0.0513218045920274,0.0513218045920274,0.0513218045920274,0.0513218045920274,0.0513218045920274,0.0513218045920274
2012-02-29,-0.00715216436151565,-0.00023369669024322,-0.00023369669024322,-0.00023369669024322,-0.00023369669024322,-0.00023369669024322,-0.00023369669024322,-0.00023369669024322,-0.00023369669024322,-0.00023369669024322,-0.00023369669024322,-0.00023369669024322,-0.00023369669024322,-0.00023369669024322,-0.00023369669024322,-0.00023369669024322,-0.00023369669024322,-0.00023369669024322,-0.00023369669024322,-0.00023369669024322
2012-03-31,0.00446013440404648,0.000485021327186866,0.000485021327186866,0.000485021327186866,0.000485021327186866,0.000485021327186866,0.000485021327186866,0.000485021327186866,0.000485021327186866,0.000485021327186866,0.000485021327186866,0.000485021327186866,0.000485021327186866,0.000485021327186866,0.000485021327186866,0.000485021327186866,0.000485021327186866,0.000485021327186866,0.000485021327186866,0.000485021327186866
2012-04-30,-0.0621871850986002,-0.0637220810958701,-0.0637220810958701,-0.0637220810958701,-0.0637220810958701,-0.0637220810958701,-0.0637220810958701,-0.0637220810958701,-0.0637220810958701,-0.0637220810958701,-0.0637220810958701,-0.0637220810958701,-0.0637220810958701,-0.0637220810958701,-0.0637220810958701,-0.0637220810958701,-0.0637220810958701,-0.0637220810958701,-0.0637220810958701,-0.0637220810958701
2012-05-31,-0.00537189064984489,-0.0132401007771168,-0.0132401007771168,-0.0132401007771168,-0.0132401007771168,-0.0132401007771168,-0.0132401007771168,-0.0132401007771168,-0.0132401007771168,-0.0132401007771168,-0.0132401007771168,-0.0132401007771168,-0.0132401007771168,-0.0132401007771168,-0.0132401007771168,-0.0132401007771168,-0.0132401007771168,-0.0132401007771168,-0.0132401007771168,-0.0132401007771168
2012-06-30,0.0250780605698985,0.0176673406162203,0.0176673406162203,0.0176673406162203,0.0176673406162203,0.0176673406162203,0.0176673406162203,0.0176673406162203,0.0176673406162203,0.0176673406162203,0.0176673406162203,0.0176673406162203,0.0176673406162203,0.0176673406162203,0.0176673406162203,0.0176673406162203,0.0176673406162203,0.0176673406162203,0.0176673406162203,0.0176673406162203
2012-07-31,-0.0197339820092098,-0.00916666786631696,-0.00916666786631696,-0.00916666786631696,-0.00916666786631696,-0.00916666786631696,-0.00916666786631696,-0.00916666786631696,-0.00916666786631696,-0.00916666786631696,-0.00916666786631696,-0.00916666786631696,-0.00916666786631696,-0.00916666786631696,-0.00916666786631696,-0.00916666786631696,-0.00916666786631696,-0.00916666786631696,-0.00916666786631696,-0.00916666786631696
2012-08-31,0.0301692756947243,0.0259656031227702,0.0259656031227702,0.0259656031227702,0.0259656031227702,0.0259656031227702,0.0259656031227702,0.0259656031227702,0.0259656031227702,0.0259656031227702,0.0259656031227702,0.0259656031227702,0.0259656031227702,0.0259656031227702,0.0259656031227702,0.0259656031227702,0.0259656031227702,0.0259656031227702,0.0259656031227702,0.0259656031227702
2012-09-30,-0.00820585834664648,-0.0290363437507751,-0.0290363437507751,-0.0290363437507751,-0.0290363437507751,-0.0290363437507751,-0.0290363437507751,-0.0290363437507751,-0.0290363437507751,-0.0290363437507751,-0.0290363437507751,-0.0290363437507751,-0.0290363437507751,-0.0290363437507751,-0.0290363437507751,-0.0290363437507751,-0.0290363437507751,-0.0290363437507751,-0.0290363437507751,-0.0290363437507751
2012-10-31,0.0311949907052676,0.0133282105715628,0.0133282105715628,0.0133282105715628,0.0133282105715628,0.0133282105715628,0.0133282105715628,0.0133282105715628,0.0133282105715628,0.0133282105715628,0.0133282105715628,0.0133282105715628,0.0133282105715628,0.0133282105715628,0.0133282105715628,0.0133282105715628,0.0133282105715628,0.0133282105715628,0.0133282105715628,0.0133282105715628
2012-11-30,0.0307062973640767,0.0413452154469129,0.0413452154469129,0.0413452154469129,0.0413452154469129,0.0413452154469129,0.0413452154469129,0.0413452154469129,0.0413452154469129,0.0413452154469129,0.0413452154469129,0.0413452154469129,0.0413452154469129,0.0413452154469129,0.0413452154469129,0.0413452154469129,0.0413452154469129,0.0413452154469129,0.0413452154469129,0.0413452154469129
2012-12-31,0.0449254260718147,0.0633243257290287,0.0633243257290287,0.0633243257290287,0.0633243257290287,0.0633243257290287,0.0633243257290287,0.0633243257290287,0.0633243257290287,0.0633243257290287,0.0633243257290287,0.0633243257290287,0.0633243257290287,0.0633243257290287,0.0633243257290287,0.0633243257290287,0.0633243257290287,0.0633243257290287,0.0633243257290287,0.0633243257290287
2013-01-31,0.0545497585610957,0.0643974515090142,0.0643974515090142,0.0643974515090142,0.0643974515090142,0.0643974515090142,0.0643974515090142,0.0643974515090142,0.0643974515090142,0.0643974515090142,0.0643974515090142,0.0643974515090142,0.0643974515090142,0.0643974515090142,0.0643974515090142,0.0643974515090142,0.0643974515090142,0.0643974515090142,0.0643974515090142,0.0643974515090142
2013-02-28,0.00741110324733929,0.00797436226092711,0.00797436226092711,0.00797436226092711,0.00797436226092711,0.00797436226092711,0.00797436226092711,0.00797436226092711,0.00797436226092711,0.00797436226092711,0.00797436226092711,0.00797436226092711,0.00797436226092711,0.00797436226092711,0.00797436226092711,0.00797436226092711,0.00797436226092711,0.00797436226092711,0.00797436226092711,0.00797436226092711
2013-03-31,0.00665647258465747,-0.00263772541746568,-0.00263772541746568,-0.00263772541746568,-0.00263772541746568,-0.00263772541746568,-0.00263772541746568,-0.00263772541746568,-0.00263772541746568,-0.00263772541746568,-0.00263772541746568,-0.00263772541746568,-0.00263772541746568,-0.00263772541746568,-0.00263772541746568,-0.00263772541746568,-0.00263772541746568,-0.00263772541746568,-0.00263772541746568,-0.00263772541746568
2013-04-30,0.0182060256162372,0.0195498662109167,0.0195498662109167,0.0195498662109167,0.0195498662109167,0.0195498662109167,0.0195498662109167,0.0195498662109167,0.0195498662109167,0.0195498662109167,0.0195498662109167,0.0195498662109167,0.0195498662109167,0.0195498662109167,0.0195498662109167,0.0195498662109167,0.0195498662109167,0.0195498662109167,0.0195498662109167,0.0195498662109167
2013-05-31,-0.0351340350240142,-0.0203752980486335,-0.0203752980486335,-0.0203752980486335,-0.0203752980486335,-0.0203752980486335,-0.0203752980486335,-0.0203752980486335,-0.0203752980486335,-0.0203752980486335,-0.0203752980486335,-0.0203752980486335,-0.0203752980486335,-0.0203752980486335,-0.0203752980486335,-0.0203752980486335,-0.0203752980486335,-0.0203752980486335,-0.0203752980486335,-0.0203752980486335
2013-06-30,0.0621111330245155,0.0553358882528369,0.0553358882528369,0.0553358882528369,0.0553358882528369,0.0553358882528369,0.0553358882528369,0.0553358882528369,0.0553358882528369,0.0553358882528369,0.0553358882528369,0.0553358882528369,0.0553358882528369,0.0553358882528369,0.0553358882528369,0.0553358882528369,0.0553358882528369,0.0553358882528369,0.0553358882528369,0.0553358882528369
2013-07-31,0.0097150367969106,0.0255835406783199,0.0255835406783199,0.0255835406783199,0.0255835406783199,0.0255835406783199,0.0255835406783199,0.0255835406783199,0.0255835406783199,0.0255835406783199,0.0255835406783199,0.0255835406783199,0.0255835406783199,0.0255835406783199,0.0255835406783199,0.0255835406783199,0.0255835406783199,0.0255835406783199,0.0255835406783199,0.0255835406783199
2013-08-31,0.0420696080036298,0.0542406140512856,0.0542406140512856,0.0542406140512856,0.0542406140512856,0.0542406140512856,0.0542406140512856,0.0542406140512856,0.0542406140512856,0.0542406140512856,0.0542406140512856,0.0542406140512856,0.0542406140512856,0.0542406140512856,0.0542406140512856,0.0542406140512856,0.0542406140512856,0.0542406140512856,0.0542406140512856,0.0542406140512856
2013-09-30,0.0127816668389882,0.0201521425089822,0.0201521425089822,0.0201521425089822,0.0201521425089822,0.0201521425089822,0.0201521425089822,0.0201521425089822,0.0201521425089822,0.0201521425089822,0.0201521425089822,0.0201521425089822,0.0201521425089822,0.0201521425089822,0.0201521425089822,0.0201521425089822,0.0201521425089822,0.0201521425089822,0.0201521425089822,0.0201521425089822
2013-10-31,0.0286621432879534,0.0363762604604036,0.0363762604604036,0.0363762604604036,0.0363762604604036,0.0363762604604036,0.0363762604604036,0.0363762604604036,0.0363762604604036,0.0363762604604036,0.0363762604604036,0.0363762604604036,0.0363762604604036,0.0363762604604036,0.0363762604604036,0.0363762604604036,0.0363762604604036,0.0363762604604036,0.0363762604604036,0.0363762604604036
2013-11-30,0.0135236958950123,0.0190619938807298,0.0190619938807298,0.0190619938807298,0.0190619938807298,0.0190619938807298,0.0190619938807298,0.0190619938807298,0.0190619938807298,0.0190619938807298,0.0190619938807298,0.0190619938807298,0.0190619938807298,0.0190619938807298,0.0190619938807298,0.0190619938807298,0.0190619938807298,0.0190619938807298,0.0190619938807298,0.0190619938807298
2013-12-31,0.00766004316029828,0.0133255005545719,0.0133255005545719,0.0133255005545719,0.0133255005545719,0.0133255005545719,0.0133255005545719,0.0133255005545719,0.0133255005545719,0.0133255005545719,0.0133255005545719,0.0133255005545719,0.0133255005545719,0.0133255005545719,0.0133255005545719,0.0133255005545719,0.0133255005545719,0.0133255005545719,0.0133255005545719,0.0133255005545719
2014-01-31,0.0642953155347974,0.0626393270852398,0.0626393270852398,0.0626393270852398,0.0626393270852398,0.0626393270852398,0.0626393270852398,0.0626393270852398,0.0626393270852398,0.0626393270852398,0.0626393270852398,0.0626393270852398,0.0626393270852398,0.0626393270852398,0.0626393270852398,0.0626393270852398,0.0626393270852398,0.0626393270852398,0.0626393270852398,0.0626393270852398
2014-02-28,0.00449084465470867,-0.00633934217877137,-0.00633934217877137,-0.00633934217877137,-0.00633934217877137,-0.00633934217877137,-0.00633934217877137,-0.00633934217877137,-0.00633934217877137,-0.00633934217877137,-0.00633934217877137,-0.00633934217877137,-0.00633934217877137,-0.00633934217877137,-0.00633934217877137,-0.00633934217877137,-0.00633934217877137,-0.00633934217877137,-0.00633934217877137,-0.00633934217877137
2014-03-31,0.0294850220286636,0.0196309370282567,0.0196309370282567,0.0196309370282567,0.0196309370282567,0.0196309370282567,0.0196309370282567,0.0196309370282567,0.0196309370282567,0.0196309370282567,0.0196309370282567,0.0196309370282567,0.0196309370282567,0.0196309370282567,0.0196309370282567,0.0196309370282567,0.0196309370282567,0.0196309370282567,0.0196309370282567,0.0196309370282567
2014-04-30,0.0406932076630234,0.0404215733973268,0.0404215733973268,0.0404215733973268,0.0404215733973268,0.0404215733973268,0.0404215733973268,0.0404215733973268,0.0404215733973268,0.0404215733973268,0.0404215733973268,0.0404215733973268,0.0404215733973268,0.0404215733973268,0.0404215733973268,0.0404215733973268,0.0404215733973268,0.0404215733973268,0.0404215733973268,0.0404215733973268
2014-05-31,-0.00900826255733337,-0.00644692998923853,-0.00644692998923853,-0.00644692998923853,-0.00644692998923853,-0.00644692998923853,-0.00644692998923853,-0.00644692998923853,-0.00644692998923853,-0.00644692998923853,-0.00644692998923853,-0.00644692998923853,-0.00644692998923853,-0.00644692998923853,-0.00644692998923853,-0.00644692998923853,-0.00644692998923853,-0.00644692998923853,-0.00644692998923853,-0.00644692998923853
2014-06-30,-0.00649638959881821,-0.008220125824664,-0.008220125824664,-0.008220125824664,-0.008220125824664,-0.008220125824664,-0.008220125824664,-0.008220125824664,-0.008220125824664,-0.008220125824664,-0.008220125824664,-0.008220125824664,-0.008220125824664,-0.008220125824664,-0.008220125824664,-0.008220125824664,-0.008220125824664,-0.008220125824664,-0.008220125824664,-0.008220125824664
2014-07-31,-0.00241068927755159,-0.000884985645680806,-0.000884985645680806,-0.000884985645680806,-0.000884985645680806,-0.000884985645680806,-0.000884985645680806,-0.000884985645680806,-0.000884985645680806,-0.000884985645680806,-0.000884985645680806,-0.000884985645680806,-0.000884985645680806,-0.000884985645680806,-0.000884985645680806,-0.000884985645680806,-0.000884985645680806,-0.000884985645680806,-0.000884985645680806,-0.000884985645680806
2014-08-31,-0.0158334560280866,-0.0231660402175526,-0.0231660402175526,-0.0231660402175526,-0.0231660402175526,-0.0231660402175526,-0.0231660402175526,-0.0231660402175526,-0.0231660402175526,-0.0231660402175526,-0.0231660402175526,-0.0231660402175526,-0.0231660402175526,-0.0231660402175526,-0.0231660402175526,-0.0231660402175526,-0.0231660402175526,-0.0231660402175526,-0.0231660402175526,-0.0231660402175526
2014-09-30,0.0159951320572928,0.00434093202304553,0.00434093202304553,0.00434093202304553,0.00434093202304553,0.00434093202304553,0.00434093202304553,0.00434093202304553,0.00434093202304553,0.00434093202304553,0.00434093202304553,0.00434093202304553,0.00434093202304553,0.00434093202304553,0.00434093202304553,0.00434093202304553,0.00434093202304553,0.00434093202304553,0.00434093202304553,0.00434093202304553
2014-10-31,0.0285139938417842,0.0247207557558395,0.0247207557558395,0.0247207557558395,0.0247207557558395,0.0247207557558395,0.0247207557558395,0.0247207557558395,0.0247207557558395,0.0247207557558395,0.0247207557558395,0.0247207557558395,0.0247207557558395,0.0247207557558395,0.0247207557558395,0.0247207557558395,0.0247207557558395,0.0247207557558395,0.0247207557558395,0.0247207557558395
2014-11-30,0.0174927996129202,0.0132280483918988,0.0132280483918988,0.0132280483918988,0.0132280483918988,0.0132280483918988,0.0132280483918988,0.0132280483918988,0.0132280483918988,0.0132280483918988,0.0132280483918988,0.0132280483918988,0.0132280483918988,0.0132280483918988,0.0132280483918988,0.0132280483918988,0.0132280483918988,0.0132280483918988,0.0132280483918988,0.0132280483918988
2014-12-31,0.0648122765994799,0.0562033266956391,0.0562033266956391,0.0562033266956391,0.0562033266956391,0.0562033266956391,0.0562033266956391,0.0562033266956391,0.0562033266956391,0.0562033266956391,0.0562033266956391,0.0562033266956391,0.0562033266956391,0.0562033266956391,0.0562033266956391,0.0562033266956391,0.0562033266956391,0.0562033266956391,0.0562033266956391,0.0562033266956391
2015-01-31,0.10088979925731,0.100009853000044,0.100009853000044,0.100009853000044,0.100009853000044,0.100009853000044,0.100009853000044,0.100009853000044,0.100009853000044,0.100009853000044,0.100009853000044,0.100009853000044,0.100009853000044,0.100009853000044,0.100009853000044,0.100009853000044,0.100009853000044,0.100009853000044,0.100009853000044,0.100009853000044
2015-02-28,-0.0035363947443578,-0.000488914997290616,-0.000488914997290616,-0.000488914997290616,-0.000488914997290616,-0.000488914997290616,-0.000488914997290616,-0.000488914997290616,-0.000488914997290616,-0.000488914997290616,-0.000488914997290616,-0.000488914997290616,-0.000488914997290616,-0.000488914997290616,-0.000488914997290616,-0.000488914997290616,-0.000488914997290616,-0.000488914997290616,-0.000488914997290616,-0.000488914997290616
2015-03-31,0.0270000996035373,0.0246361005045517,0.0246361005045517,0.0246361005045517,0.0246361005045517,0.0246361005045517,0.0246361005045517,0.0246361005045517,0.0246361005045517,0.0246361005045517,0.0246361005045517,0.0246361005045517,0.0246361005045517,0.0246361005045517,0.0246361005045517,0.0246361005045517,0.0246361005045517,0.0246361005045517,0.0246361005045517,0.0246361005045517
2015-04-30,-0.00224167153123786,0.0132617516874848,0.0132617516874848,0.0132617516874848,0.0132617516874848,0.0132617516874848,0.0132617516874848,0.0132617516874848,0.0132617516874848,0.0132617516874848,0.0132617516874848,0.0132617516874848,0.0132617516874848,0.0132617516874848,0.0132617516874848,0.0132617516874848,0.0132617516874848,0.0132617516874848,0.0132617516874848,0.0132617516874848
2015-05-31,-0.0639117964894748,-0.0614413546500586,-0.0614413546500586,-0.0614413546500586,-0.0614413546500586,-0.0614413546500586,-0.0614413546500586,-0.0614413546500586,-0.0614413546500586,-0.0614413546500586,-0.0614413546500586,-0.0614413546500586,-0.0614413546500586,-0.0614413546500586,-0.0614413546500586,-0.0614413546500586,-0.0614413546500586,-0.0614413546500586,-0.0614413546500586,-0.0614413546500586
2015-06-30,0.0599845905239868,0.0567257939746537,0.0567257939746537,0.0567257939746537,0.0567257939746537,0.0567257939746537,0.0567257939746537,0.0567257939746537,0.0567257939746537,0.0567257939746537,0.0567257939746537,0.0567257939746537,0.0567257939746537,0.0567257939746537,0.0567257939746537,0.0567257939746537,0.0567257939746537,0.0567257939746537,0.0567257939746537,0.0567257939746537
2015-07-31,-0.0377533728282335,-0.0375043698690571,-0.0375043698690571,-0.0375043698690571,-0.0375043698690571,-0.0375043698690571,-0.0375043698690571,-0.0375043698690571,-0.0375043698690571,-0.0375043698690571,-0.0375043698690571,-0.0375043698690571,-0.0375043698690571,-0.0375043698690571,-0.0375043698690571,-0.0375043698690571,-0.0375043698690571,-0.0375043698690571,-0.0375043698690571,-0.0375043698690571
2015-08-31,-0.0167301277488148,-0.0184718904290134,-0.0184718904290134,-0.0184718904290134,-0.0184718904290134,-0.0184718904290134,-0.0184718904290134,-0.0184718904290134,-0.0184718904290134,-0.0184718904290134,-0.0184718904290134,-0.0184718904290134,-0.0184718904290134,-0.0184718904290134,-0.0184718904290134,-0.0184718904290134,-0.0184718904290134,-0.0184718904290134,-0.0184718904290134,-0.0184718904290134
2015-09-30,0.0783854361307622,0.0750263656426338,0.0750263656426338,0.0750263656426338,0.0750263656426338,0.0750263656426338,0.0750263656426338,0.0750263656426338,0.0750263656426338,0.0750263656426338,0.0750263656426338,0.0750263656426338,0.0750263656426338,0.0750263656426338,0.0750263656426338,0.0750263656426338,0.0750263656426338,0.0750263656426338,0.0750263656426338,0.0750263656426338
2015-10-31,0.0466977220289883,0.0563307611537034,0.0563307611537034,0.0563307611537034,0.0563307611537034,0.0563307611537034,0.0563307611537034,0.0563307611537034,0.0563307611537034,0.0563307611537034,0.0563307611537034,0.0563307611537034,0.0563307611537034,0.0563307611537034,0.0563307611537034,0.0563307611537034,0.0563307611537034,0.0563307611537034,0.0563307611537034,0.0563307611537034
2015-11-30,-0.0233886886993418,0.00555099341564617,0.00555099341564617,0.00555099341564617,0.00555099341564617,0.00555099341564617,0.00555099341564617,0.00555099341564617,0.00555099341564617,0.00555099341564617,0.00555099341564617,0.00555099341564617,0.00555099341564617,0.00555099341564617,0.00555099341564617,0.00555099341564617,0.00555099341564617,0.00555099341564617,0.00555099341564617,0.00555099341564617
2015-12-31,-0.0549372251545577,-0.0645464379754954,-0.0645464379754954,-0.0645464379754954,-0.0645464379754954,-0.0645464379754954,-0.0645464379754954,-0.0645464379754954,-0.0645464379754954,-0.0645464379754954,-0.0645464379754954,-0.0645464379754954,-0.0645464379754954,-0.0645464379754954,-0.0645464379754954,-0.0645464379754954,-0.0645464379754954,-0.0645464379754954,-0.0645464379754954,-0.0645464379754954
2016-01-31,0.0202238063055053,0.0109408559284599,0.0109408559284599,0.0109408559284599,0.0109408559284599,0.0109408559284599,0.0109408559284599,0.0109408559284599,0.0109408559284599,0.0109408559284599,0.0109408559284599,0.0109408559284599,0.0109408559284599,0.0109408559284599,0.0109408559284599,0.0109408559284599,0.0109408559284599,0.0109408559284599,0.0109408559284599,0.0109408559284599
2016-02-29,0.037359965634172,0.0424947680673945,0.0424947680673945,0.0424947680673945,0.0424947680673945,0.0424947680673945,0.0424947680673945,0.0424947680673945,0.0424947680673945,0.0424947680673945,0.0424947680673945,0.0424947680673945,0.0424947680673945,0.0424947680673945,0.0424947680673945,0.0424947680673945,0.0424947680673945,0.0424947680673945,0.0424947680673945,0.0424947680673945
2016-03-31,0.00357021907311157,0.0086024799970937,0.0086024799970937,0.0086024799970937,0.0086024799970937,0.0086024799970937,0.0086024799970937,0.0086024799970937,0.0086024799970937,0.0086024799970937,0.0086024799970937,0.0086024799970937,0.0086024799970937,0.0086024799970937,0.0086024799970937,0.0086024799970937,0.0086024799970937,0.0086024799970937,0.0086024799970937,0.0086024799970937
2016-04-30,0.0300050245195429,0.0424203685800284,0.0424203685800284,0.0424203685800284,0.0424203685800284,0.0424203685800284,0.0424203685800284,0.0424203685800284,0.0424203685800284,0.0424203685800284,0.0424203685800284,0.0424203685800284,0.0424203685800284,0.0424203685800284,0.0424203685800284,0.0424203685800284,0.0424203685800284,0.0424203685800284,0.0424203685800284,0.0424203685800284
2016-05-31,-0.0253607654617024,-0.0299588964932735,-0.0299588964932735,-0.0299588964932735,-0.0299588964932735,-0.0299588964932735,-0.0299588964932735,-0.0299588964932735,-0.0299588964932735,-0.0299588964932735,-0.0299588964932735,-0.0299588964932735,-0.0299588964932735,-0.0299588964932735,-0.0299588964932735,-0.0299588964932735,-0.0299588964932735,-0.0299588964932735,-0.0299588964932735,-0.0299588964932735
2016-06-30,0.0788179858791949,0.0849939771309066,0.0849939771309066,0.0849939771309066,0.0849939771309066,0.0849939771309066,0.0849939771309066,0.0849939771309066,0.0849939771309066,0.0849939771309066,0.0849939771309066,0.0849939771309066,0.0849939771309066,0.0849939771309066,0.0849939771309066,0.0849939771309066,0.0849939771309066,0.0849939771309066,0.0849939771309066,0.0849939771309066
2016-07-31,0.0291076287100416,0.0480365162525644,0.0480365162525644,0.0480365162525644,0.0480365162525644,0.0480365162525644,0.0480365162525644,0.0480365162525644,0.0480365162525644,0.0480365162525644,0.0480365162525644,0.0480365162525644,0.0480365162525644,0.0480365162525644,0.0480365162525644,0.0480365162525644,0.0480365162525644,0.0480365162525644,0.0480365162525644,0.0480365162525644
2016-08-31,0.0188098522665772,0.0210965977330205,0.0210965977330205,0.0210965977330205,0.0210965977330205,0.0210965977330205,0.0210965977330205,0.0210965977330205,0.0210965977330205,0.0210965977330205,0.0210965977330205,0.0210965977330205,0.0210965977330205,0.0210965977330205,0.0210965977330205,0.0210965977330205,0.0210965977330205,0.0210965977330205,0.0210965977330205,0.0210965977330205
2016-09-30,-0.0219324224402973,-0.0234701146710735,-0.0234701146710735,-0.0234701146710735,-0.0234701146710735,-0.0234701146710735,-0.0234701146710735,-0.0234701146710735,-0.0234701146710735,-0.0234701146710735,-0.0234701146710735,-0.0234701146710735,-0.0234701146710735,-0.0234701146710735,-0.0234701146710735,-0.0234701146710735,-0.0234701146710735,-0.0234701146710735,-0.0234701146710735,-0.0234701146710735
2016-10-31,0.00830190823536989,0.00504281009115769,0.00504281009115769,0.00504281009115769,0.00504281009115769,0.00504281009115769,0.00504281009115769,0.00504281009115769,0.00504281009115769,0.00504281009115769,0.00504281009115769,0.00504281009115769,0.00504281009115769,0.00504281009115769,0.00504281009115769,0.00504281009115769,0.00504281009115769,0.00504281009115769,0.00504281009115769,0.00504281009115769
2016-11-30,0.0275457148983363,0.0279836756140473,0.0279836756140473,0.0279836756140473,0.0279836756140473,0.0279836756140473,0.0279836756140473,0.0279836756140473,0.0279836756140473,0.0279836756140473,0.0279836756140473,0.0279836756140473,0.0279836756140473,0.0279836756140473,0.0279836756140473,0.0279836756140473,0.0279836756140473,0.0279836756140473,0.0279836756140473,0.0279836756140473
2016-12-31,0.0113306843809637,0.0220177242496413,0.0220177242496413,0.0220177242496413,0.0220177242496413,0.0220177242496413,0.0220177242496413,0.0220177242496413,0.0220177242496413,0.0220177242496413,0.0220177242496413,0.0220177242496413,0.0220177242496413,0.0220177242496413,0.0220177242496413,0.0220177242496413,0.0220177242496413,0.0220177242496413,0.0220177242496413,0.0220177242496413
2017-01-31,0.0367354035985373,0.036333532779099,0.036333532779099,0.036333532779099,0.036333532779099,0.036333532779099,0.036333532779099,0.036333532779099,0.036333532779099,0.036333532779099,0.036333532779099,0.036333532779099,0.036333532779099,0.036333532779099,0.036333532779099,0.036333532779099,0.036333532779099,0.036333532779099,0.036333532779099,0.036333532779099
2017-02-28,0.00410780585802815,-0.00211507844539373,-0.00211507844539373,-0.00211507844539373,-0.00211507844539373,-0.00211507844539373,-0.00211507844539373,-0.00211507844539373,-0.00211507844539373,-0.00211507844539373,-0.00211507844539373,-0.00211507844539373,-0.00211507844539373,-0.00211507844539373,-0.00211507844539373,-0.00211507844539373,-0.00211507844539373,-0.00211507844539373,-0.00211507844539373,-0.00211507844539373
2017-03-31,0.0513512347952981,0.0480471352847687,0.0480471352847687,0.0480471352847687,0.0480471352847687,0.0480471352847687,0.0480471352847687,0.0480471352847687,0.0480471352847687,0.0480471352847687,0.0480471352847687,0.0480471352847687,0.0480471352847687,0.0480471352847687,0.0480471352847687,0.0480471352847687,0.0480471352847687,0.0480471352847687,0.0480471352847687,0.0480471352847687
2017-04-30,0.0206569831570482,0.0253686255628944,0.0253686255628944,0.0253686255628944,0.0253686255628944,0.0253686255628944,0.0253686255628944,0.0253686255628944,0.0253686255628944,0.0253686255628944,0.0253686255628944,0.0253686255628944,0.0253686255628944,0.0253686255628944,0.0253686255628944,0.0253686255628944,0.0253686255628944,0.0253686255628944,0.0253686255628944,0.0253686255628944
2017-05-31,-0.00767055564197004,-0.00402940554710672,-0.00402940554710672,-0.00402940554710672,-0.00402940554710672,-0.00402940554710672,-0.00402940554710672,-0.00402940554710672,-0.00402940554710672,-0.00402940554710672,-0.00402940554710672,-0.00402940554710672,-0.00402940554710672,-0.00402940554710672,-0.00402940554710672,-0.00402940554710672,-0.00402940554710672,-0.00402940554710672,-0.00402940554710672,-0.00402940554710672
2017-06-30,-0.0179982513840032,-0.0215908381862047,-0.0215908381862047,-0.0215908381862047,-0.0215908381862047,-0.0215908381862047,-0.0215908381862047,-0.0215908381862047,-0.0215908381862047,-0.0215908381862047,-0.0215908381862047,-0.0215908381862047,-0.0215908381862047,-0.0215908381862047,-0.0215908381862047,-0.0215908381862047,-0.0215908381862047,-0.0215908381862047,-0.0215908381862047,-0.0215908381862047
2017-07-31,-0.0109552690456074,-0.0129112618357157,-0.0129112618357157,-0.0129112618357157,-0.0129112618357157,-0.0129112618357157,-0.0129112618357157,-0.0129112618357157,-0.0129112618357157,-0.0129112618357157,-0.0129112618357157,-0.0129112618357157,-0.0129112618357157,-0.0129112618357157,-0.0129112618357157,-0.0129112618357157,-0.0129112618357157,-0.0129112618357157,-0.0129112618357157,-0.0129112618357157
2017-08-31,0.0375028859997102,0.0428843550705082,0.0428843550705082,0.0428843550705082,0.0428843550705082,0.0428843550705082,0.0428843550705082,0.0428843550705082,0.0428843550705082,0.0428843550705082,0.0428843550705082,0.0428843550705082,0.0428843550705082,0.0428843550705082,0.0428843550705082,0.0428843550705082,0.0428843550705082,0.0428843550705082,0.0428843550705082,0.0428843550705082
2017-09-30,0.0157903694062286,0.00360159586244741,0.00360159586244741,0.00360159586244741,0.00360159586244741,0.00360159586244741,0.00360159586244741,0.00360159586244741,0.00360159586244741,0.00360159586244741,0.00360159586244741,0.00360159586244741,0.00360159586244741,0.00360159586244741,0.00360159586244741,0.00360159586244741,0.00360159586244741,0.00360159586244741,0.00360159586244741,0.00360159586244741
2017-10-31,-0.0309876717225993,-0.0379264198155058,-0.0379264198155058,-0.0379264198155058,-0.0379264198155058,-0.0379264198155058,-0.0379264198155058,-0.0379264198155058,-0.0379264198155058,-0.0379264198155058,-0.0379264198155058,-0.0379264198155058,-0.0379264198155058,-0.0379264198155058,-0.0379264198155058,-0.0379264198155058,-0.0379264198155058,-0.0379264198155058,-0.0379264198155058,-0.0379264198155058
2017-11-30,-0.00470154809190235,0.00123745863484779,0.00123745863484779,0.00123745863484779,0.00123745863484779,0.00123745863484779,0.00123745863484779,0.00123745863484779,0.00123745863484779,0.00123745863484779,0.00123745863484779,0.00123745863484779,0.00123745863484779,0.00123745863484779,0.00123745863484779,0.00123745863484779,0.00123745863484779,0.00123745863484779,0.00123745863484779,0.00123745863484779
2017-12-31,0.0129561721966371,0.0210350264432341,0.0210350264432341,0.0210350264432341,0.0210350264432341,0.0210350264432341,0.0210350264432341,0.0210350264432341,0.0210350264432341,0.0210350264432341,0.0210350264432341,0.0210350264432341,0.0210350264432341,0.0210350264432341,0.0210350264432341,0.0210350264432341,0.0210350264432341,0.0210350264432341,0.0210350264432341,0.0210350264432341
2018-01-31,-0.0124955761929356,-0.0192136401465802,-0.0192136401465802,-0.0192136401465802,-0.0192136401465802,-0.0192136401465802,-0.0192136401465802,-0.0192136401465802,-0.0192136401465802,-0.0192136401465802,-0.0192136401465802,-0.0192136401465802,-0.0192136401465802,-0.0192136401465802,-0.0192136401465802,-0.0192136401465802,-0.0192136401465802,-0.0192136401465802,-0.0192136401465802,-0.0192136401465802
2018-02-28,-0.0136157612686304,-0.0193849564342878,-0.0193849564342878,-0.0193849564342878,-0.0193849564342878,-0.0193849564342878,-0.0193849564342878,-0.0193849564342878,-0.0193849564342878,-0.0193849564342878,-0.0193849564342878,-0.0193849564342878,-0.0193849564342878,-0.0193849564342878,-0.0193849564342878,-0.0193849564342878,-0.0193849564342878,-0.0193849564342878,-0.0193849564342878,-0.0193849564342878
2018-03-31,0.0596722462541144,0.0635945952180148,0.0635945952180148,0.0635945952180148,0.0635945952180148,0.0635945952180148,0.0635945952180148,0.0635945952180148,0.0635945952180148,0.0635945952180148,0.0635945952180148,0.0635945952180148,0.0635945952180148,0.0635945952180148,0.0635945952180148,0.0635945952180148,0.0635945952180148,0.0635945952180148,0.0635945952180148,0.0635945952180148
2018-04-30,0.0152178145955454,0.0162953820640765,0.0162953820640765,0.0162953820640765,0.0162953820640765,0.0162953820640765,0.0162953820640765,0.0162953820640765,0.0162953820640765,0.0162953820640765,0.0162953820640765,0.0162953820640765,0.0162953820640765,0.0162953820640765,0.0162953820640765,0.0162953820640765,0.0162953820640765,0.0162953820640765,0.0162953820640765,0.0162953820640765
2018-05-31,-0.00426389232119009,-0.00760845714539462,-0.00760845714539462,-0.00760845714539462,-0.00760845714539462,-0.00760845714539462,-0.00760845714539462,-0.00760845714539462,-0.00760845714539462,-0.00760845714539462,-0.00760845714539462,-0.00760845714539462,-0.00760845714539462,-0.00760845714539462,-0.00760845714539462,-0.00760845714539462,-0.00760845714539462,-0.00760845714539462,-0.00760845714539462,-0.00760845714539462
2018-06-30,0.0426391840900647,0.0452871477109205,0.0452871477109205,0.0452871477109205,0.0452871477109205,0.0452871477109205,0.0452871477109205,0.0452871477109205,0.0452871477109205,0.0452871477109205,0.0452871477109205,0.0452871477109205,0.0452871477109205,0.0452871477109205,0.0452871477109205,0.0452871477109205,0.0452871477109205,0.0452871477109205,0.0452871477109205,0.0452871477109205
2018-07-31,0.0247833737495459,0.0240256293709677,0.0240256293709677,0.0240256293709677,0.0240256293709677,0.0240256293709677,0.0240256293709677,0.0240256293709677,0.0240256293709677,0.0240256293709677,0.0240256293709677,0.0240256293709677,0.0240256293709677,0.0240256293709677,0.0240256293709677,0.0240256293709677,0.0240256293709677,0.0240256293709677,0.0240256293709677,0.0240256293709677
2018-08-31,-0.00247934241917913,0.00559354320259748,0.00559354320259748,0.00559354320259748,0.00559354320259748,0.00559354320259748,0.00559354320259748,0.00559354320259748,0.00559354320259748,0.00559354320259748,0.00559354320259748,0.00559354320259748,0.00559354320259748,0.00559354320259748,0.00559354320259748,0.00559354320259748,0.00559354320259748,0.00559354320259748,0.00559354320259748,0.00559354320259748
2018-09-30,-0.0627988686970743,-0.0596137253114756,-0.0596137253114756,-0.0596137253114756,-0.0596137253114756,-0.0596137253114756,-0.0596137253114756,-0.0596137253114756,-0.0596137253114756,-0.0596137253114756,-0.0596137253114756,-0.0596137253114756,-0.0596137253114756,-0.0596137253114756,-0.0596137253114756,-0.0596137253114756,-0.0596137253114756,-0.0596137253114756,-0.0596137253114756,-0.0596137253114756
2018-10-31,-0.0180009096891401,-0.0191770800869954,-0.0191770800869954,-0.0191770800869954,-0.0191770800869954,-0.0191770800869954,-0.0191770800869954,-0.0191770800869954,-0.0191770800869954,-0.0191770800869954,-0.0191770800869954,-0.0191770800869954,-0.0191770800869954,-0.0191770800869954,-0.0191770800869954,-0.0191770800869954,-0.0191770800869954,-0.0191770800869954,-0.0191770800869954,-0.0191770800869954
2018-11-30,-0.0438709614397454,-0.0502798222566739,-0.0502798222566739,-0.0502798222566739,-0.0502798222566739,-0.0502798222566739,-0.0502798222566739,-0.0502798222566739,-0.0502798222566739,-0.0502798222566739,-0.0502798222566739,-0.0502798222566739,-0.0502798222566739,-0.0502798222566739,-0.0502798222566739,-0.0502798222566739,-0.0502798222566739,-0.0502798222566739,-0.0502798222566739,-0.0502798222566739
2018-12-31,0.0733505290153941,0.069948290982286,0.069948290982286,0.069948290982286,0.069948290982286,0.069948290982286,0.069948290982286,0.069948290982286,0.069948290982286,0.069948290982286,0.069948290982286,0.069948290982286,0.069948290982286,0.069948290982286,0.069948290982286,0.069948290982286,0.069948290982286,0.069948290982286,0.069948290982286,0.069948290982286
2019-01-31,0.0444711275544036,0.0452958718728941,0.0452958718728941,0.0452958718728941,0.0452958718728941,0.0452958718728941,0.0452958718728941,0.0452958718728941,0.0452958718728941,0.0452958718728941,0.0452958718728941,0.0452958718728941,0.0452958718728941,0.0452958718728941,0.0452958718728941,0.0452958718728941,0.0452958718728941,0.0452958718728941,0.0452958718728941,0.0452958718728941
2019-02-28,0.0203332022488249,0.00674928895620732,0.00674928895620732,0.00674928895620732,0.00674928895620732,0.00674928895620732,0.00674928895620732,0.00674928895620732,0.00674928895620732,0.00674928895620732,0.00674928895620732,0.00674928895620732,0.00674928895620732,0.00674928895620732,0.00674928895620732,0.00674928895620732,0.00674928895620732,0.00674928895620732,0.00674928895620732,0.00674928895620732
2019-03-31,0.0544869928243946,0.054021206954795,0.054021206954795,0.054021206954795,0.054021206954795,0.054021206954795,0.054021206954795,0.054021206954795,0.054021206954795,0.054021206954795,0.054021206954795,0.054021206954795,0.054021206954795,0.054021206954795,0.054021206954795,0.054021206954795,0.054021206954795,0.054021206954795,0.054021206954795,0.054021206954795
2019-04-30,-0.00974295363271997,-0.0140493845153844,-0.0140493845153844,-0.0140493845153844,-0.0140493845153844,-0.0140493845153844,-0.0140493845153844,-0.0140493845153844,-0.0140493845153844,-0.0140493845153844,-0.0140493845153844,-0.0140493845153844,-0.0140493845153844,-0.0140493845153844,-0.0140493845153844,-0.0140493845153844,-0.0140493845153844,-0.0140493845153844,-0.0140493845153844,-0.0140493845153844
2019-05-31,0.0470446228336024,0.0415585462104979,0.0415585462104979,0.0415585462104979,0.0415585462104979,0.0415585462104979,0.0415585462104979,0.0415585462104979,0.0415585462104979,0.0415585462104979,0.0415585462104979,0.0415585462104979,0.0415585462104979,0.0415585462104979,0.0415585462104979,0.0415585462104979,0.0415585462104979,0.0415585462104979,0.0415585462104979,0.0415585462104979
2019-06-30,0.019407543300165,0.0144283789075487,0.0144283789075487,0.0144283789075487,0.0144283789075487,0.0144283789075487,0.0144283789075487,0.0144283789075487,0.0144283789075487,0.0144283789075487,0.0144283789075487,0.0144283789075487,0.0144283789075487,0.0144283789075487,0.0144283789075487,0.0144283789075487,0.0144283789075487,0.0144283789075487,0.0144283789075487,0.0144283789075487
2019-07-31,-0.00240224840796514,-0.0181191064433119,-0.0181191064433119,-0.0181191064433119,-0.0181191064433119,-0.0181191064433119,-0.0181191064433119,-0.0181191064433119,-0.0181191064433119,-0.0181191064433119,-0.0181191064433119,-0.0181191064433119,-0.0181191064433119,-0.0181191064433119,-0.0181191064433119,-0.0181191064433119,-0.0181191064433119,-0.0181191064433119,-0.0181191064433119,-0.0181191064433119
2019-08-31,0.0131456633494558,0.0193000115574114,0.0193000115574114,0.0193000115574114,0.0193000115574114,0.0193000115574114,0.0193000115574114,0.0193000115574114,0.0193000115574114,0.0193000115574114,0.0193000115574114,0.0193000115574114,0.0193000115574114,0.0193000115574114,0.0193000115574114,0.0193000115574114,0.0193000115574114,0.0193000115574114,0.0193000115574114,0.0193000115574114
2019-09-30,0.0280786040063608,0.0253182776728652,0.0253182776728652,0.0253182776728652,0.0253182776728652,0.0253182776728652,0.0253182776728652,0.0253182776728652,0.0253182776728652,0.0253182776728652,0.0253182776728652,0.0253182776728652,0.0253182776728652,0.0253182776728652,0.0253182776728652,0.0253182776728652,0.0253182776728652,0.0253182776728652,0.0253182776728652,0.0253182776728652
2019-10-31,0.0412726506828302,0.0478764090617562,0.0478764090617562,0.0478764090617562,0.0478764090617562,0.0478764090617562,0.0478764090617562,0.0478764090617562,0.0478764090617562,0.0478764090617562,0.0478764090617562,0.0478764090617562,0.0478764090617562,0.0478764090617562,0.0478764090617562,0.0478764090617562,0.0478764090617562,0.0478764090617562,0.0478764090617562,0.0478764090617562
2019-11-30,0.0412328141638913,0.0436055394328341,0.0436055394328341,0.0436055394328341,0.0436055394328341,0.0436055394328341,0.0436055394328341,0.0436055394328341,0.0436055394328341,0.0436055394328341,0.0436055394328341,0.0436055394328341,0.0436055394328341,0.0436055394328341,0.0436055394328341,0.0436055394328341,0.0436055394328341,0.0436055394328341,0.0436055394328341,0.0436055394328341
