,P-Tree F1,P-Tree F2,P-Tree F3,MKT,SMB,HML,MOM
P-Tree F1,1.0,0.30183710428704374,-0.07827631498878818,0.0032304964189373907,-0.17555904898448274,0.10808645239873085,-0.025652448679272393
P-Tree F2,0.30183710428704374,1.0,0.4991036223981392,0.07894112398238999,0.027340589936324707,-0.03457412003302465,0.027019463042684735
P-Tree F3,-0.07827631498878818,0.4991036223981392,1.0,0.04125925423944467,0.031303186795731346,-0.022381161907667074,0.02968021812894431
MKT,0.0032304964189373907,0.07894112398238999,0.04125925423944467,1.0,0.03385102707238424,-0.21303983548946914,-0.3956713586171312
SMB,-0.17555904898448274,0.027340589936324707,0.031303186795731346,0.03385102707238424,1.0,-0.1777610862656529,-0.09904327225754093
HML,0.10808645239873085,-0.03457412003302465,-0.022381161907667074,-0.21303983548946914,-0.1777610862656529,1.0,-0.35276825867623585
MOM,-0.025652448679272393,0.027019463042684735,0.02968021812894431,-0.3956713586171312,-0.09904327225754093,-0.35276825867623585,1.0
