,P-Tree F1,P-Tree F2,P-Tree F3,MKT,SMB,HML,MOM
P-Tree F1,1.0,0.7026555832842344,-0.11611559112013646,0.02990836689319885,-0.031000964660037662,0.09985940619665908,0.10674134237779664
P-Tree F2,0.7026555832842344,1.0,0.1874138517864577,0.0063108799025471205,-0.10472222066120278,0.01796389072292337,0.09224191827199608
P-Tree F3,-0.11611559112013646,0.1874138517864577,1.0,-0.030003936369075748,0.12126884474479863,-0.1584534950860786,-0.03029868855005035
MKT,0.02990836689319885,0.0063108799025471205,-0.030003936369075748,1.0,-0.04465380913612379,0.2184798504927518,-0.11688344384868307
SMB,-0.031000964660037662,-0.10472222066120278,0.12126884474479863,-0.04465380913612379,1.0,0.07460024269378825,-0.06500740014080084
HML,0.09985940619665908,0.01796389072292337,-0.1584534950860786,0.2184798504927518,0.07460024269378825,1.0,-0.37509708516214985
MOM,0.10674134237779664,0.09224191827199608,-0.03029868855005035,-0.11688344384868307,-0.06500740014080084,-0.37509708516214985,1.0
