Factor,CAPM_alpha,CAPM_tstat,CAPM_R2,FF3_alpha,FF3_tstat,FF3_R2,FF4_alpha,FF4_tstat,FF4_R2
F1,27.988190207485026,15.006020135391758,0.0008352702414498037,27.96120361793993,14.89983050183523,0.011947807719971393,26.785463530713383,13.544489005947018,0.035699453654897795
F2,12.94614686722787,6.363586180578796,2.5118051987238488e-05,12.951174766662385,6.332027303004883,0.004063169518829013,12.487399422448942,5.50036575719163,0.007629239138103983
F3,7.29775280888147,3.0023648729765955,1.403502887087349e-05,7.307809261097307,3.0263623159269453,0.0024512292626653887,8.249556658357127,3.667742485511938,0.012765086144496007
