Factor,Individual_SR,MVE_SR,MVE_Mean_pct,MVE_Std_pct
F1,4.266155133207626,4.283050863222114,26.78115334690419,6.2528216923291176
F2,1.8196824612919762,4.586854838365323,15.296004356271128,3.3347478599785743
F3,1.0894146475066397,5.17651041881944,12.363331463867198,2.388352473689561
