,P-Tree F1,P-Tree F2,P-Tree F3,MKT,SMB,HML,MOM
P-Tree F1,1.0,0.7404837835822315,-0.034264613962381674,0.028901042220827174,-0.035205746708038534,0.10047110607041757,0.1063604362884061
P-Tree F2,0.7404837835822315,1.0,0.22970111995686357,0.005011791295241749,-0.062063296898801946,0.00983115508625407,0.05395399297528789
P-Tree F3,-0.034264613962381674,0.22970111995686357,1.0,-0.003746335392204847,0.029509603063719917,-0.03691450161665557,-0.08158811326812154
MKT,0.028901042220827174,0.005011791295241749,-0.003746335392204847,1.0,-0.04465380913612379,0.2184798504927518,-0.11688344384868307
SMB,-0.035205746708038534,-0.062063296898801946,0.029509603063719917,-0.04465380913612379,1.0,0.07460024269378825,-0.06500740014080084
HML,0.10047110607041757,0.00983115508625407,-0.03691450161665557,0.2184798504927518,0.07460024269378825,1.0,-0.37509708516214985
MOM,0.1063604362884061,0.05395399297528789,-0.08158811326812154,-0.11688344384868307,-0.06500740014080084,-0.37509708516214985,1.0
