Factor,Individual_SR,MVE_SR,MVE_Mean_pct,MVE_Std_pct
F1,4.279671162415897,4.2966204214684165,28.196551850839512,6.562495423136083
F2,1.9357034669863138,4.670845516514938,16.61121550755036,3.5563615728281457
F3,0.9071643973861556,5.039996421838569,13.672147375878762,2.7127295798537925
