Factor,Individual_SR,MVE_SR,MVE_Mean_pct,MVE_Std_pct
F1,3.1097027200818057,3.120262012674881,40.85303961205893,13.092823437938527
F2,1.9453233801006125,3.2952100942196494,29.093873464772575,8.829140671730794
F3,1.443429931027945,3.5554303324853676,33.45126859588956,9.408500650470058
