Scenario,Period,F1_Sharpe,F1_Alpha_CAPM,F1_tstat_CAPM,F1_Alpha_FF3,F1_tstat_FF3,F1_Alpha_FF4,F1_tstat_FF4
Scenario A,1997-02 to 2022-12,2.709654183672703,20.079907855354428,9.94820903515005,20.04045141233926,9.826577934798891,19.667019697090147,9.638043221568575
Scenario B,1997-02 to 2009-12,4.333948608176407,27.18362589967539,11.232591714662847,26.95285671389725,11.307531354956208,26.797563231782117,11.494209843241002
Scenario C,2010-01 to 2022-12,4.279671162415897,27.988190207485026,15.006020135391758,27.96120361793993,14.89983050183523,26.785463530713383,13.544489005947018
