Scenario,P-Tree_Period,Benchmark_Period,F1_Sharpe,F1_Alpha_CAPM,F1_tstat_CAPM,F1_Alpha_FF3,F1_tstat_FF3,F1_Alpha_FF4,F1_tstat_FF4
Scenario A,1997-02 to 2022-12,1997-09 to 2020-07,2.7359688884175783,21.837413979210485,9.922753537654312,21.778801429284115,9.818611352802366,21.285271884610268,9.539310135120383
Scenario B,1997-02 to 2009-12,1997-09 to 2009-12,4.2101890218645,21.703309950695072,11.287640386012676,21.483941247772908,11.510944737201456,21.34010488169232,11.414553760396618
Scenario C,2010-01 to 2022-12,2010-01 to 2020-07,4.266155133207626,26.57570436187815,15.003781682911502,26.549741089818557,14.904103961926605,25.42661795058435,13.534529921332476
